transaction_id,mcc,card_number,customer_name,card_name,issueing_bank,transaction_ammount,location,aquiring_bank
8223533626,BMW,3534247827919388,Ursulina Van Haeften,jcb,Eamia,,Coris,Voolia
0108128776,Chevrolet,3541493565360010,Llewellyn Donn,jcb,Zoombeat,,Yipeng,Edgeify
1954850328,Pontiac,3540176357737500,Stormie Buntin,jcb,Layo,,Örnsköldsvik,Tazz
1066237999,Mercedes-Benz,3543732842605764,Pincas Aneley,jcb,Feedmix,,Kaiama,Kazu
0217430171,Hyundai,3540317011417267,Lorry Grain,jcb,Jaxspan,,Baoxu,LiveZ
5067897643,Subaru,6762678212606584,Cristie Taile,maestro,Twiyo,,Taverny,Twitterwire
0153474009,Volkswagen,30559203948095,Edith Warrier,diners-club-carte-blanche,Rhynyx,,Cametá,Zoombox
6133552573,Porsche,3536943873354169,Babita Simister,jcb,Jetwire,,Świdwin,Oloo
4430767556,Pontiac,6380804503960850,Devonne Guierre,instapayment,Jetpulse,,Orange,Vitz
2074486677,Honda,3587398864936979,Melessa Abrashkov,jcb,Pixonyx,,Baruchowo,Voolia
8867986910,Porsche,6771813307423566,Jennilee Ardy,laser,Gigazoom,,Yangping,Wordware
7313485131,Ford,6375255851319032,Freddie Slucock,instapayment,Twimbo,,Sidomulyo,Wikizz
2533893846,Chevrolet,4026804114976605,Sibley Sorrel,visa-electron,Flipstorm,,Santa Bárbara,Jetwire
1528307046,Lexus,3588466775855858,Kipp Gubbin,jcb,Dabvine,,Fatuulan,Kaymbo
0290827469,Ford,30528441789884,Peggie Meece,diners-club-carte-blanche,Brainsphere,,Bayeux,Jabbersphere
4086244039,Toyota,4405029772545523,Arthur Palliser,visa-electron,Meembee,,Uchimaru,Meetz
6293185692,Subaru,4844815113736915,Garret Lethardy,visa-electron,Trudeo,,Yunji,Twitterbeat
9607789741,Ford,5602214054763048,Patty Landells,bankcard,Dabjam,,Bislig,Livepath
8749958879,Plymouth,3586700372367665,Reinwald Keat,jcb,Tazz,,Beauvais,Topicblab
4451852137,Hyundai,3587334807059611,Catrina Shadfourth,jcb,Zoonoodle,,Santa Magdalena,Jabbertype
6135835637,Hyundai,490518707324572229,Horton Linnemann,switch,Jetpulse,,Göteborg,Avavee
8687562446,BMW,30213097694478,Rufe Rishworth,diners-club-carte-blanche,Yacero,,Itaperuçu,Riffpedia
3610914580,Infiniti,3550579182061342,Rozele Coyte,jcb,Fanoodle,,Krajan,Zazio
7138960220,Acura,3532907721109608,Rainer Fishpool,jcb,Avamm,,San Esteban,Pixoboo
9951728391,Suzuki,374288604569797,Willie Garden,americanexpress,Quamba,,Pingshan,JumpXS
6470549292,Acura,3529155991021591,Drona Guppy,jcb,Shuffledrive,,Heshi,Eayo
6313418867,Chrysler,3582880602618006,Randy Pilbury,jcb,Twitternation,,Opi,Brainbox
0388461306,Ford,5271821553875600,Stevana Dabinett,mastercard,Dynabox,,Faḩmah,Talane
3978749955,Mitsubishi,5602252326320577,Arney Freed,bankcard,Flashset,,Dzwola,Kazio
4005665209,BMW,5602249286051989329,Niles Nancarrow,china-unionpay,Riffpedia,,Xinzheng,Linktype
9562080277,Buick,3573358401895944,Charles Gethins,jcb,Ailane,,Shiren,Devpoint
6873982032,MINI,3533548049936733,Carmita Bernardinelli,jcb,Chatterpoint,,Herrljunga,Devpulse
8652377294,GMC,3559385357945207,Lorin Haskayne,jcb,Vitz,,Qiawan,Yakijo
3877960758,Isuzu,560223500837845331,Alayne Twoohy,china-unionpay,Fanoodle,,Baião,Skinte
4262955109,Nissan,3559485037677475,Letti Beattie,jcb,Ozu,,Novo Aripuanã,Jatri
3769390563,Saturn,633470837394640910,Byran Ahearne,solo,Babbleblab,,Capayán,Camido
3851553853,Chrysler,5100139268175605,Auroora Saltern,mastercard,Rhyzio,,Sinop,Fivebridge
2028322055,Chevrolet,3531741743934003,Amberly Dunbobbin,jcb,Edgetag,,Cunén,BlogXS
6282196000,Ford,5100170965226508,Theo Klaggeman,mastercard,Eidel,,Preston,Jabbersphere
7114496001,Porsche,56022536337779143,Alanson Bealing,china-unionpay,Wordpedia,,Gornji Petrovci,Trudoo
9583117293,Volkswagen,3541623905639703,Magdalene Fiddyment,jcb,Nlounge,,Chai Nat,Blogpad
1120170028,Toyota,5602210882276609,Carlota Gambrell,bankcard,Centimia,,Dagushan,Wordtune
8050393623,Ford,3532053168003895,Fanya Jarrad,jcb,Yakijo,,Port Sudan,Meezzy
2468442555,Oldsmobile,3548756158051607,Reggie Duly,jcb,Skyba,,Rio Bonito,Photospace
2778145311,Volkswagen,374622160991310,Glendon Lourens,americanexpress,Bluezoom,,Zepita,Flashspan
7791423979,Toyota,4911072004486408262,Filippo Letteresse,switch,Gabtype,,Kungälv,Quinu
3458169822,Nissan,5010126973525504,Cull Mapis,mastercard,Tagchat,,Bopu,Trudoo
7114985789,Porsche,5602252781744808,Culley Nobbs,bankcard,Topicblab,,Palaiópyrgos,Photobug
6260782802,Dodge,5010127613675055,Francene Heeron,mastercard,Eayo,,Tours,Centizu
2376755638,GMC,63045111321599227,Sophronia O' Molan,laser,Skivee,,Ducheng,Babbleset
7599638849,Chevrolet,4844666407015098,Gardie Gaffon,visa-electron,Innojam,,Yanhu,Livefish
6666923049,Mercedes-Benz,490315128382665653,Ulick Storck,switch,Browsebug,,Caijiazha,Riffpedia
3622057653,Dodge,4911485206553698,Tarrah Thorald,switch,Camimbo,,Kanbula,Cogidoo
3862198391,Chevrolet,30363392780421,Dinah Dome,diners-club-carte-blanche,Realblab,,Kafue,Skimia
2820208428,Mitsubishi,3537334169671137,Ray Johl,jcb,Quimm,,Arazane,Flipopia
8789560485,Mazda,3541089120817153,Liz Rubi,jcb,Quimm,,Nzeto,Babblestorm
1932992294,Ford,5002355876798047,Coletta Lincey,mastercard,Miboo,,Aachen,Wordify
2903236585,Subaru,3578884958036462,Pall Whaymand,jcb,Youtags,,Jiwuwu,Mybuzz
1680686038,Nissan,3549970004499378,Elna Dripp,jcb,Babblestorm,,Balaoang,Skidoo
6505656510,Volkswagen,3559703434871990,Andrew Beacon,jcb,Ainyx,,Utena,Topicware
9625722688,Mercury,67610677251915134,Julius Hazelby,maestro,Aivee,,Nong Khai,Yombu
5315278395,Pontiac,490367574368111369,Lynsey McAster,switch,Kare,,Merlo,Tagpad
8906058845,Nissan,3557329837401714,Myrwyn Thackston,jcb,Thoughtstorm,,Santa María de Ipire,Realbuzz
4027770765,Bentley,3554318547536896,Trixy Elie,jcb,Skinder,,Tucumã,Dabjam
8292824901,Jeep,3572831802106179,Trista Manifield,jcb,Janyx,,Bayt Sāḩūr,Mymm
4452476775,Toyota,3545563792011978,Maegan Foye,jcb,Demizz,,Jugezhuang,Demimbu
5248364353,GMC,5310385424429909,Lil Lympenie,mastercard,Divanoodle,,Guancangping,Ntag
1728198097,Audi,3537191966592795,Lezlie Sharp,jcb,Mudo,,San Borja,Myworks
2349801225,Lamborghini,5602227060956422,Zedekiah Reihill,bankcard,Skipstorm,,Sobienie Jeziory,Devpoint
5265571469,Mercedes-Benz,633393853330250148,Torr Brito,switch,Brainverse,,Orly,Thoughtmix
6363060702,Toyota,3536687896471290,Ag Sarten,jcb,Yombu,,Sambong,Yadel
5985317560,Ford,633110869687265234,Vinita MacKnocker,switch,Yombu,,Sishiba,Gigabox
5972323273,Ford,5602256005491740,Jessy Esposito,china-unionpay,Thoughtsphere,,Pinayagan Norte,Eazzy
5131945070,Suzuki,5602252675090243,Cyrillus Ruslin,china-unionpay,Skinix,,Ash Shuhadā’,Riffwire
6120193960,GMC,3536515341837023,Herbert Rasmus,jcb,Oyoyo,,Mloko,Roodel
1649140541,Lincoln,3580446964260498,Kris Tineman,jcb,Devpulse,,Brzeźnica,Gigaclub
0743715497,Lexus,5602240851073388831,Karna Havill,china-unionpay,Fanoodle,,Bīleh Savār,Ntags
0256638578,Mercedes-Benz,5020113407768189,Genvieve Kynsey,maestro,Gabtype,,Kahuripan,Rhycero
7376924140,Suzuki,3572846287831901,Renae Walter,jcb,Youfeed,,San Kamphaeng,Skivee
2509395386,Ford,372301565154400,Alecia Bilovus,americanexpress,Realmix,,Guintubhan,Quimba
4904229460,Ford,3547436948151162,Ophelia Achurch,jcb,Feedspan,,Sakharovo,Realpoint
8271058436,Mazda,5893189596431797722,Percival Smalecombe,maestro,Vimbo,,Stockholm,Miboo
8840345043,Audi,4749886546186156,Emelina Speere,visa,Rooxo,,Courtaboeuf,Minyx
4118038579,Lexus,6759062385869500772,Sid Brydson,switch,Roombo,,Kidodi,Gigazoom
8390042665,Mercedes-Benz,4844461202305435,Viviyan Parsell,visa-electron,Thoughtblab,,Panyarang,Cogibox
7900225366,Hyundai,630411230764524682,Kerk Belliss,maestro,Katz,,Tha Tako,DabZ
8963992500,Chevrolet,670932801232151419,Iolanthe Verdy,laser,Yoveo,,Pánormos,Pixoboo
0595351565,Nissan,5610767768939058729,Aldin Geertsen,china-unionpay,Topdrive,,Ouagadougou,Vidoo
1500220728,Chevrolet,4508139669276821,Forbes Nisius,visa-electron,Devify,,Wantou,Browsebug
1690899417,Cadillac,3538835237686203,Sim Ruck,jcb,Eamia,,Venlo,Tagopia
7133433036,Subaru,490507466977625783,Romonda Schoffler,switch,Youopia,,Recarei,Shuffletag
0090835115,Pontiac,3578107591142392,Dolf Walworth,jcb,Vidoo,,Moyynkum,Kazio
8216325606,GMC,30448327105388,Kit Aloway,diners-club-carte-blanche,Podcat,,Massy,Browsetype
2814241362,Pontiac,3555038166699127,Katharine Yakunkin,jcb,Jamia,,Castlebellingham,BlogXS
6347559560,Mercedes-Benz,3536449247834597,Julina Anster,jcb,Shuffledrive,,Shezë,Yakidoo
3202476696,Pontiac,3578048505542121,Reine Dearnaley,jcb,Quimm,,Bielefeld,Yodo
3082980244,Jeep,5602247059406700,Onfroi Chaize,china-unionpay,Tazzy,,Neqāb,LiveZ
8829164151,Honda,3561644195481783,Glynda Erratt,jcb,Tambee,,Áyios Yeóryios,Shufflebeat
3673834630,Ford,493696763788403052,Kassia Goulborn,switch,Skaboo,,San José,Kazio
2470205093,Toyota,5893692434033669737,Theressa Wedlock,maestro,Myworks,,Mariara,Voolith
5778327323,Audi,3571762309213781,Esra Lees,jcb,Plajo,,Turan,Jaloo
1708497277,Cadillac,4026045993573507,See Perfili,visa-electron,Feedfire,,Yanas,Flashspan
0662093089,Ford,3545300093586139,Petronella Shemming,jcb,Feedfire,,Raleigh,Meeveo
2003930523,Audi,201947178490933,Cory Coghill,diners-club-enroute,Tagcat,,Puerto Asís,Eayo
6614372920,Toyota,3567382395848543,Ivette Drinkwater,jcb,Brainsphere,,Krajan Dua Dawuan Wetan,Quire
9550734188,Pontiac,4844022841351659,Alvie Scanlan,visa-electron,Buzzshare,,Guapimirim,Realmix
7904663015,Mercury,6304075368484236915,Opal Hogbin,laser,Tagcat,,Andop,Voonyx
3488401960,Nissan,3580130645646453,Katy Medford,jcb,Flashdog,,Cililitan,Livetube
1707099626,Volvo,4026679283469008,Cleo Cutajar,visa-electron,Centizu,,Cafarnaum,Brainbox
7868613637,Honda,36764763502951,Issi Fakes,diners-club-international,Leexo,,Hadāli,Einti
1951710592,Acura,490521350451569497,Lu Ginn,switch,Camimbo,,Tataouine,Devcast
2657559662,GMC,4508863034670638,Gard Overshott,visa-electron,Vipe,,Jacksonville,Zoomlounge
6748433894,Mercury,4041593356027968,Chucho Yates,visa,Jaloo,,Priyutovo,Wikido
7994429777,Mazda,3559645850758609,Thorstein Grolle,jcb,Dablist,,Amieiro,Fanoodle
4385821038,Buick,3558715548169427,Anastasie Bagshaw,jcb,Oyoyo,,Jalanbaru,Kazio
7917795446,Mercury,4175002736236214,Shem Ewert,visa-electron,Photofeed,,Mönchengladbach,Izio
9642874946,Mitsubishi,4175006342792734,Lizbeth Ohrt,visa-electron,Blogtag,,Vanino,Yodo
4755772737,Suzuki,3578300738659176,Peder O'Rourke,jcb,Yotz,,Payao,Zooxo
4595053444,Volkswagen,6304810050819442,Geri Darlington,maestro,Devpoint,,Ayabaca,Shuffledrive
4875587139,Honda,490343520030090233,Katha Commin,switch,Shufflester,,Ayteke Bi,Aimbo
7862181301,Pontiac,5594718482195664,Berta Jenken,diners-club-us-ca,Wordify,,El Mirador,Eadel
2103188144,Lamborghini,4508650035594929,Thornton Son,visa-electron,Meeveo,,Jiuhua,Meeveo
5229639717,Ford,3566592587136751,Orville Lintall,jcb,Centimia,,Duru,Jabbertype
0320196097,Toyota,5205344476748516,Wolf Astbery,mastercard,Tagtune,,Strzelce Krajeńskie,Npath
2066379387,Toyota,3589494617896475,Jedediah Huxton,jcb,Yamia,,Morondava,Eayo
1707724709,Ford,6331108744914837,Grace Vost,switch,Feednation,,Las Higueras,Youspan
2754940170,Mercedes-Benz,676109813571456527,Dulciana Loffel,maestro,Zazio,,Buenlag,Gigazoom
8447711048,Nissan,30448856811273,Tynan Le Blond,diners-club-carte-blanche,Oloo,,Pasacao,Meemm
8899223602,Mazda,3533705975296157,Samuel Lamplough,jcb,Quimm,,Zarzis,Jamia
8032867287,Audi,589372463270758974,Claudio Coultous,maestro,Oyondu,,Savannah,Innotype
6324438546,Volkswagen,5602242032553920058,Rolfe Concklin,china-unionpay,Yakidoo,,Claver,Skipstorm
9097210178,Chrysler,3559593160181478,Emili Londesborough,jcb,Katz,,Xinyi,Brightdog
6772643356,Mazda,3532448626334363,Deane Davidow,jcb,Omba,,Sukoanyar,Mymm
7302780757,Mercedes-Benz,6771749927644829,Urbanus Phippard,laser,Lazzy,,Abelheira,Mynte
1224208064,Volvo,3586299479628061,Loralie Busswell,jcb,Skippad,,Kutum,Vipe
2585562921,Mitsubishi,30557721756107,Gottfried Rasor,diners-club-carte-blanche,Youopia,,Jiaoyuan,Thoughtsphere
0528606271,BMW,374283063802870,Marijo MattiCCI,americanexpress,Camimbo,,Uralo-Kavkaz,Avamba
8418111097,Infiniti,5252021076813559,Adena Baudts,mastercard,Janyx,,Nanshao,Photospace
0567577961,Chevrolet,3574534373040193,Gabbi Hiom,jcb,Eamia,,Besançon,Kare
2175500977,BMW,6762880749064471077,Ruddy Kief,maestro,Talane,,Kulonkali,Photofeed
8882529479,Pontiac,3587180161905000,Sharon Bassill,jcb,Twiyo,,Haozigang,Vimbo
3508668606,Hyundai,6376513267441090,Clerkclaude Cardillo,instapayment,Youopia,,Malusay,Meeveo
0687886120,Lincoln,3529082019802432,Zorana Dargie,jcb,Oyonder,,Lexington,Devpulse
1465564098,Chevrolet,374288630122215,Berte Wyss,americanexpress,Zooveo,,Sainyabuli,Tazzy
7863445779,Infiniti,374283989998901,Elianora Harvatt,americanexpress,Skippad,,Tampakan,Thoughtbridge
3433766428,Suzuki,3568576939999790,Howey Siebert,jcb,Feedfish,,Lewotukan,Tagchat
8762741845,GMC,3537656321479839,Blakelee Gowrich,jcb,Rhynyx,,Jardia,Voomm
9178935210,Volkswagen,5002351382270779,Colleen Greasley,mastercard,Skimia,,Pau,Gabvine
9340683382,Toyota,4508563775146059,Lesley Wheadon,visa-electron,Meeveo,,Bačka Palanka,Wikivu
7254770068,Maserati,3564380499375796,Chastity Aimer,jcb,Livefish,,Rinbung,Kazio
3892375844,Jeep,4508579882160924,Pen Pettyfar,visa-electron,Zoomdog,,Buriwutung,Oba
0646827472,Dodge,3575274531325223,Annabela Housaman,jcb,JumpXS,,Khon San,Livetube
6351111862,Maybach,6392513553220349,Aristotle Purdon,instapayment,Oyonder,,Martigues,Realbuzz
2866879015,Dodge,3537860223050082,Kaleena Glawsop,jcb,Twitterbridge,,Xiaozhi,Rhycero
2116251893,Honda,5893589381649250012,Etan Gotch,maestro,Zoomzone,,Jevremovac,Abatz
0110599594,Nissan,3540339196969649,Theresina Dobsons,jcb,Skivee,,Mobile,Centimia
3604595819,Pontiac,5641820643294374872,Margaretta Kliemann,switch,Wikivu,,Vargem Grande Paulista,Skiba
9033743450,GMC,5551780828591650,Shaun Maffioni,diners-club-us-ca,Shuffledrive,,El Nido,Photobean
0678647003,Porsche,5536714445456419,Shirline Banger,mastercard,Ozu,,Dayushu,Skimia
4246743909,Dodge,589399073934346485,Matelda Hazart,maestro,Izio,,Umanday Centro,Twimbo
5663548408,Acura,5602215194664418,Athene Bagby,bankcard,Livetube,,Liujia,Einti
0398887691,Honda,3581719029121296,Dania Nannini,jcb,Centizu,,Polje,Lajo
9955110791,Land Rover,56022519409810814,Ewell Kingsman,china-unionpay,Browsedrive,,Gandoang,Zooveo
6570461176,Chevrolet,3572404154107284,Grove Wahner,jcb,Agivu,,Wirodayan,Youspan
3893225498,Mazda,3581334645466305,Bonnee Blatcher,jcb,Realblab,,Cergy-Pontoise,Tagcat
9722838032,BMW,3544488797286501,Brittney Leheude,jcb,Skynoodle,,Campinas,Abata
4238822781,Pontiac,4041374756369,Ezekiel Oxborough,visa,Leenti,,Forshaga,Kare
7013303011,Subaru,347845020515557,Fidole Plumbley,americanexpress,Livetube,,Nyköping,Tagtune
9834653875,Mercury,5602247499152464876,Marcille Gitting,china-unionpay,Skaboo,,Bureya,Gigazoom
2457718201,Mercury,3543509749042998,Lorry Llop,jcb,Yakijo,,Pingshan,Buzzshare
0433262141,Dodge,4911271054368700830,Phillida Kulas,switch,Trilith,,Baisha,Pixonyx
6672779930,Ford,337941309685542,Ursala Kisbey,americanexpress,Zava,,Malilipot,Tagpad
1474464858,GMC,67596362235679837,Heall Weir,maestro,Wordpedia,,Laojieji,Flashdog
0821247433,Chevrolet,3583908469005642,Gerry Copnell,jcb,Quimba,,Bolotnoye,Kazu
0019589352,Mercedes-Benz,3589593668526525,Mirabella Adnams,jcb,Innojam,,Jiekou,Buzzster
1451246854,Chevrolet,4913939645880326,Dorene McKeand,visa-electron,Skipstorm,,Cermee,Skyble
9979081198,Hyundai,4026657197800153,Cyndi Pennacci,visa-electron,Skippad,,Limoges,Yakitri
7901004207,Chevrolet,5556260508199566,Felice Nuttall,mastercard,Fivechat,,Jintan,Twitterlist
7284028831,Toyota,3546520689003426,Bentley Hansana,jcb,Edgeblab,,Mamer,Meevee
5699610286,Ford,4041372379079524,Kylie Gavaran,visa,Yamia,,La Cocha,Rhycero
4696506649,Acura,30339075709002,Wes Lyburn,diners-club-carte-blanche,Shuffledrive,,Heka,Rooxo
7399516529,Pontiac,5209292462981474,Nat Ranstead,mastercard,Leenti,,Mont-Laurier,Skiba
0635302454,Dodge,3541776155543593,Franciska Whitmore,jcb,Voomm,,Quesada,Aimbu
1212678389,Nissan,3538754531605209,Rainer Thackwray,jcb,Zoomzone,,Vale da Pedra,Rhynoodle
9133045488,Ford,201503352607030,Orson Zylbermann,diners-club-enroute,Twiyo,,Mawu,Fivechat
2766883991,Mitsubishi,5641828471958353,Berton Horwell,switch,Jaxspan,,Vashkivtsi,Meembee
8189691538,Mitsubishi,3561341496201230,Far Coyte,jcb,Bubblemix,,Maindang,Flashspan
4632326607,Ford,3534474462022365,Bobby Morad,jcb,Twitterworks,,Taluncemara,Kwideo
8178696762,Volvo,3543600556225907,Albina Lahiff,jcb,Pixonyx,,Kigali,Geba
0456028633,Lexus,5048371795967130,Amalia Spohr,mastercard,Oozz,,São Lourenço do Sul,Flashspan
9659117833,Honda,201780339477758,Anestassia Reignould,diners-club-enroute,Skalith,,Czerwieńsk,Wordpedia
1699493618,Nissan,4917149675039803,Isobel Elsom,visa-electron,Wordpedia,,El Paso,Lajo
7477675960,Toyota,56022385515991769,Kelby Skipworth,china-unionpay,Skinix,,Camagüey,Flashset
1794081348,Ford,3568342177947623,Gerek Wharin,jcb,Tagfeed,,Sonzacate,Jamia
0460186736,Aston Martin,5048373349293005,Torin Sirmond,mastercard,Quamba,,Little Baguio,Browsecat
9951592821,Pontiac,201528062228892,Winona Brinkworth,diners-club-enroute,Tagcat,,Barranco de Loba,Fivebridge
5446579577,Acura,3536231530903945,Duff Robrose,jcb,Eadel,,Williston,Dabvine
6136756501,Pontiac,3565184735261532,Ginger MacCallion,jcb,Gabtype,,Wilamowice,Kanoodle
9842524388,Volvo,3578109915011683,Faith Cunnell,jcb,Dynava,,Aḑ Ḑil‘,Livefish
7256104332,Lincoln,6334204879998682,Orton Padley,solo,Vinder,,Ryazan’,Aivee
0468187731,Audi,374288708229967,Der Dickin,americanexpress,Brainbox,,Verkhov’ye,Yodoo
3826164598,Volkswagen,3528394551434354,Charmain Wyldbore,jcb,Skynoodle,,Aheloy,Gigaclub
1880225778,Mazda,3575485090728603,Inigo Baiden,jcb,Twitterbeat,,Lazarevskoye,Riffpath
0287993639,Chevrolet,30538223971949,Chariot Mcasparan,diners-club-carte-blanche,Tazzy,,Shanghu,Dablist
3273690232,Honda,4905193054989182,Kacie Steagall,switch,Trunyx,,Asnières-sur-Seine,Yodoo
5034144298,Volkswagen,491106002437866114,Rosene Cettell,switch,Quaxo,,København,InnoZ
5313989790,Mercedes-Benz,3562796595022101,Esta Matyja,jcb,Plambee,,Budapest,Eare
2719276340,Mercedes-Benz,5404724450546003,Vic Decourt,diners-club-us-ca,Yadel,,Barurao,Rhyzio
8247847183,Toyota,3586283486274986,Denys Kisbey,jcb,Dazzlesphere,,Dongtucheng,Minyx
2350963683,Nissan,5602226571761396,Giustina Garard,bankcard,Janyx,,Kedungbanteng Krajan,Kaymbo
2399183770,Chevrolet,5436788500768620,Blancha Gallyon,mastercard,Snaptags,,Lady Grey,Edgewire
0680324119,Audi,36093591534600,Margaux Castelluzzi,diners-club-international,Mydo,,Yayao,Skinder
5066448950,Chevrolet,3556993683987810,Patience Dubery,jcb,Yombu,,Shalqīya,Thoughtmix
7368755521,GMC,3564312180100431,Anthiathia Schollar,jcb,Edgetag,,Uppsala,Innotype
3123225488,Audi,4917038636860466,Scot Grigorio,visa-electron,Photobean,,Kalapagada,Zoombox
0020061463,BMW,374283425785649,Charlton Style,americanexpress,Bubblemix,,Ngkiong,Centizu
8950669293,Audi,30415385678473,Lari O'Hara,diners-club-carte-blanche,Tagcat,,Xinhua,Brightbean
7694261730,Chevrolet,3538177562681123,Leoline Turl,jcb,Jetpulse,,Hongtu,Devbug
7941620987,Volvo,630442549134281233,Salim Rubinlicht,laser,Brightbean,,Vukovije Donje,Youspan
2733718614,Nissan,201943469382491,Haleigh Dreng,diners-club-enroute,Plajo,,Ribafria,Vidoo
7562041520,Lincoln,5115626634230430,Melamie Counter,mastercard,Kare,,Magan,Lazz
3482398402,Mercedes-Benz,3553133785467865,Ambros Callum,jcb,Viva,,Guantang,Jaloo
4226069668,Lotus,5610652007082315,Jeddy Crossley,china-unionpay,Feedspan,,Turbo,Wordtune
1241913218,Chevrolet,5602217646533084,Egan McArthur,china-unionpay,Wikido,,Vamvakoú,Rhycero
9356790809,Chevrolet,3570874327134658,Doug Chicco,jcb,DabZ,,Falköping,Wikibox
6142533160,Pontiac,374288692307530,Haley Spikins,americanexpress,Twitterlist,,Libuganon,Ooba
0264685660,Pontiac,5602217560852171,Elmo Sier,bankcard,Reallinks,,Gbawe,Abata
6313488474,GMC,201558795706849,Leona Cuschieri,diners-club-enroute,Twitterlist,,To’rtko’l Shahri,Skalith
1901359697,Ford,3565019689156603,Noelyn Strangman,jcb,Aimbu,,Zamość,Riffpedia
2643957164,Chevrolet,5101124013412791,Kiel Grimbaldeston,mastercard,Yacero,,Cikai,Eare
6724271282,Chevrolet,3567268600668836,Karlie Lardge,jcb,Blognation,,Panino,Quimba
7545445503,Pontiac,5302020613897596,Phillipe Costin,mastercard,Livepath,,Canjulao,Jayo
3272297049,Chevrolet,5610207176736958331,Erika Lawerence,china-unionpay,Edgepulse,,Nang Rong,Blogpad
5064554451,Dodge,4913078511993994,Etti Allsopp,visa-electron,Meedoo,,Altanbulag,Demizz
6208503299,GMC,5002350954439010,Noelani Goudge,mastercard,Dabtype,,Okotoks,Rhyzio
3757308255,BMW,5602229271919991,Ramsay Robbings,china-unionpay,Tagfeed,,Lyon,Youbridge
5475241473,BMW,4041597406703833,Keene Koppe,visa,Twitterworks,,Köping,Feedfish
6117224036,Kia,5108751717499048,Leupold Pannett,mastercard,Trilith,,Czerwieńsk,Thoughtbeat
5282551713,Chevrolet,5610224013714974,Kimmi Shimwell,bankcard,Tagopia,,Đức Phong,Abata
9171566821,Ford,36546038343026,Clyde Hanigan,diners-club-international,Divanoodle,,Buni Yadi,Jaxworks
0077269802,Mercury,560224183476167157,Maurits Maffei,china-unionpay,Npath,,Mértola,Oyoba
4036898159,Volkswagen,5100172636846391,Rudie Albany,mastercard,Shuffletag,,Kuching,Jabbersphere
5258787907,Ford,5108752549223150,Beatrice MacCaughey,mastercard,Meembee,,Mahīn,Digitube
5643127024,Pontiac,6759660414911363,Wyn Becraft,switch,Skimia,,Maundai,Blogspan
5586111853,Hummer,5449902692247104,Correy Stebbing,mastercard,Tekfly,,Lappajärvi,Zoombox
8170403308,Maybach,3549032222101565,Lewes Stathers,jcb,Dabvine,,Rudy,Skalith
6714939523,Audi,3539845613354721,Benson Braunle,jcb,Tambee,,Purwodadi,Feedfire
9586755703,Ford,3589162970095403,Deva Creed,jcb,Digitube,,Czerwionka-Leszczyny,Talane
7992999177,Ford,201405468860364,Elaina Prescott,diners-club-enroute,Yacero,,Ordino,Izio
0554156717,Volvo,3576428154845193,Hyacinthie Capeling,jcb,Quatz,,Pechenga,Eare
9775398967,Mazda,3529210370345325,Jennilee Purvess,jcb,Quaxo,,Nyima,Pixonyx
2975336187,Dodge,3540288406628547,Eda Trevino,jcb,Twitterwire,,Gnojnica,Bubblebox
1394255799,Toyota,30038662233455,Zahara Filipov,diners-club-carte-blanche,Oyondu,,Velikiye Luki,Jabbersphere
7075367862,Chevrolet,5246827630699063,Brewer Sisnett,mastercard,Browseblab,,San Jacinto,Dabfeed
7773236550,Mazda,3548032439583911,Adriena Swynley,jcb,Fliptune,,Kwidzyn,Ooba
3648497006,Mazda,5602244067082508,Vitia Sleaford,china-unionpay,Bubblebox,,Santo Amaro,Quaxo
3830800266,Suzuki,4917008438867027,Mac Josland,visa-electron,Jaxworks,,Pokrovskoye-Streshnëvo,Trilia
2305772076,Volvo,5172266868567890,Delphinia Nudds,mastercard,Wordpedia,,Kyzylzhar,Voonix
7198315623,Infiniti,5425505772781559,Ruddy Shepeard,mastercard,Flashset,,Tabaquite,Vipe
1268449539,GMC,675971383840480994,Staford Storcke,switch,Skinder,,Kampunglistrik,Demivee
4031547463,Jaguar,3553903703212076,Miguelita Gabbett,jcb,Youspan,,Cabatuan,Eimbee
1824574061,Tesla,3553033895194633,Annadiana Allibon,jcb,Roomm,,Xiema,Edgetag
3870506571,Audi,3544833005451472,Clio Nelhams,jcb,Dabtype,,Delok,Skilith
3105512373,Mazda,372301908232590,Clareta Toderi,americanexpress,Vimbo,,Västervik,Linktype
5435687381,GMC,6331105803734882,Cristina McMichan,switch,Skyndu,,Lisičani,Demizz
5658060443,GMC,3532720717563062,Arabelle Pennone,jcb,Avaveo,,Taza,Jaxspan
2619257662,Hyundai,374288483890058,Susanne Oland,americanexpress,Riffwire,,Grosuplje,Jetpulse
8875381666,Mercedes-Benz,5560750909072796,Ellen McHarry,mastercard,Yodel,,Damiao,Twitterwire
2760724409,Geo,36128466458541,Wainwright Lewins,diners-club-international,Meetz,,Coruripe,Fiveclub
7916438801,Chevrolet,3534859573855614,Francene Wanell,jcb,Jazzy,,Oyonnax,Jabberstorm
7082421052,Saturn,3540537756456184,Guinna Cowill,jcb,Yambee,,Guyancourt,Muxo
8775489333,Chevrolet,30264899440727,Korrie Hof,diners-club-carte-blanche,Kazio,,Grekan,Kayveo
9388314271,Buick,5100149664036780,Kordula Matzl,mastercard,Flipbug,,Gogaran,Oodoo
7869295973,BMW,5018466836051096,Elliott Filon,maestro,Skyvu,,Pagelaran,Kimia
3204920275,Dodge,5463913431936205,Nancee Janssens,diners-club-us-ca,Tagopia,,Montpellier,Feedfire
0972961879,Mazda,3541636596695339,Stillman Stimpson,jcb,Meembee,,Vredefort,Feedfire
2768342432,Ford,30266953833234,Baxy Moakes,diners-club-carte-blanche,Thoughtsphere,,Zhaxi,Yozio
5055680539,Subaru,675950073965932722,Erny Kruger,switch,Oyoba,,Imatra,Pixope
5110361428,BMW,3563013009551033,Farrell Castelli,jcb,Muxo,,Motema,Voonix
3642143520,Dodge,6333921654339409921,Angy Massey,switch,Tekfly,,Memphis,Jamia
4506556550,Chevrolet,3532777336323187,Othelia McGuckin,jcb,Tanoodle,,Pianling,Meeveo
8255394567,Toyota,3550943286798565,Peyter Markwell,jcb,Katz,,Lefengzhen,Gigazoom
7860516241,Mitsubishi,6706393139859287,Dieter Flukes,laser,Innojam,,Xunqiao,Quinu
1930001002,Dodge,3544173392024933,Paten Kightly,jcb,Gigabox,,Sison,Browseblab
3296946543,Pontiac,67614320020018437,Philip Patten,maestro,Zoombeat,,Dayuan,Talane
6634804133,Infiniti,3558730470229826,Margo Phin,jcb,Kamba,,Panan,Yakijo
7103830665,Chevrolet,3564000420378608,Arlan Gianettini,jcb,Leexo,,Nyazura,Wikibox
1436391725,Nissan,490311231072934860,Fancy Wildin,switch,Avamba,,Qingshan,Cogibox
9183081690,Mazda,372301437499850,Elaine Brandel,americanexpress,Twitternation,,Roanne,Aibox
5994932426,Hyundai,3555436537040098,Emanuele Roja,jcb,Wordify,,Weekombaka,Photobug
8507594409,Lincoln,3579486726135334,Lise Fitzsimon,jcb,Digitube,,Ludu,Thoughtbeat
5581505799,Studebaker,3556169412466463,Amandy Eatttok,jcb,Brightbean,,Penha,Jaxbean
3545205444,Lamborghini,201891449143931,Corenda Potes,diners-club-enroute,Myworks,,Jaguimitan,Jaloo
3561646956,Nissan,3532266654621802,Pancho Ciementini,jcb,Jabbersphere,,Libertad,Thoughtsphere
6491578178,Bentley,5602238212945184961,Lane Flacke,china-unionpay,Izio,,Złotoryja,Talane
5790494102,Suzuki,201679618429342,Dorie Verdun,diners-club-enroute,Twitterworks,,Tongxing,Voonder
5279774049,Jeep,347241187469939,Tani Spencelayh,americanexpress,Yakitri,,El Peñón,Bluejam
1558275258,Dodge,56022494760456211,Merrili Guerrazzi,china-unionpay,Divape,,Tsivil’sk,LiveZ
7560835112,Kia,6761700510227900133,Delbert Cavendish,maestro,Ozu,,Sifangxi,Yabox
4664381131,Volvo,6767852422805139,Eugenius O'Dunneen,solo,Cogilith,,Xianxiang,Snaptags
1575574012,Chevrolet,5509463366515745,Niels Jullian,diners-club-us-ca,Skynoodle,,Cimadang,Plajo
5394145504,Lexus,633311794201211984,Jodi Fernando,switch,Pixoboo,,Jiaxian Chengguanzhen,Eazzy
1860579914,Ford,5010124132306437,Marcel Evill,mastercard,Camido,,Mercier,Topdrive
8474438144,Mercury,4917601244247671,Jessamine Pauleit,visa-electron,Zava,,Suntar,Blogspan
7459973068,Toyota,337941597248292,Joshia Beddoe,americanexpress,Rooxo,,Jiufeng,Jabbersphere
3948241856,Lotus,3554034474808618,Giacinta Eubank,jcb,BlogXS,,Kulevcha,Thoughtstorm
2746138492,Audi,3586356230681258,Felice Smallpeace,jcb,Wikizz,,Raofeng,Fliptune
0492855013,Ford,3530012556872578,Catlin Mendoza,jcb,Eimbee,,Yayao,Skalith
3019784115,Nissan,67597999013989737,Electra Stickells,maestro,Oyoyo,,Mangas,Yacero
2933130920,BMW,3561167923401717,Hillie Spriggen,jcb,Jaxbean,,San Jose,Quire
6699799371,Chrysler,5100142142751013,Willabella McLinden,mastercard,JumpXS,,Sakrand,Thoughtworks
9574743675,Lincoln,3569198725143803,Jarad Dowbakin,jcb,Brainsphere,,Kinh Môn,Wordify
6733797062,Maserati,3584312959389401,Emmalyn Seabert,jcb,Viva,,Drenova,Plajo
3094191363,Subaru,676167367965093882,Preston Deal,maestro,Edgeify,,Gryfino,Eire
3937132473,Mitsubishi,6304437049757514153,Alaric Lambourne,laser,Centimia,,Honghua’erji,Skyvu
8488831722,Kia,3541528864429501,Zerk Garrison,jcb,Trudoo,,Medenychi,Voonix
8842666521,Mercedes-Benz,3587907364265208,Terry Beany,jcb,Photolist,,Drammen,Kwideo
1102192562,MINI,3553859382933152,Derron Fugere,jcb,Abata,,Dolní Dunajovice,Yoveo
7917801349,Suzuki,50208947946177083,Missy Swadon,maestro,Dablist,,Noşratābād,Mymm
1238750117,Volkswagen,3536780008397428,Renard Stenhouse,jcb,Dabvine,,Maroua,Vinte
0266561063,BMW,3531928755333394,Israel Jacomb,jcb,Dabfeed,,Dingtou,Innojam
9466786903,Chevrolet,6762936159577233416,Clarence Stoyle,maestro,Mybuzz,,Beaverlodge,Tazzy
6128052304,Toyota,5602210585469204,Jourdain Manuele,bankcard,Linklinks,,Aubervilliers,Wikido
3166852271,Mercury,4917576263652433,Pablo Robun,visa-electron,Brainverse,,Montpellier,Zoonoodle
5894014638,Geo,4917395316735818,Andrea Hatry,visa-electron,Eidel,,Punta de Bombón,Edgewire
8601910874,Toyota,3533925954021570,Karl Mourton,jcb,Mybuzz,,Baini,Zoomcast
7048346450,Volvo,5196456516770747,Constanta Woffinden,mastercard,Photobug,,Malveira,Skinix
0074275046,Audi,4405875801393966,Kippy Dunmore,visa-electron,Dynava,,Sukaratu,Centimia
0447986295,Mercedes-Benz,5602236840830070,Mirabel Lanahan,bankcard,Pixope,,Sefrou,Zooxo
6886610694,Pontiac,4903712034444471,Gunar Abeau,switch,Ailane,,Jeponkrajan,Jabbertype
4761458232,Mitsubishi,372301916708144,Leesa Causon,americanexpress,Lazz,,Jiwei,Buzzster
8337875534,Lexus,5893877277387224055,Rhodie Keohane,maestro,Innotype,,Porto Velho,Wikibox
7384466008,GMC,3530548467531621,Aguie Kochl,jcb,Yozio,,Azua,Realmix
4894323583,Ford,5602245615702455,Misha Well,bankcard,Eamia,,Bela-Bela,Skalith
6665150003,BMW,3559881973429287,Marin Smitheman,jcb,Muxo,,Bang Mun Nak,Photospace
7777599798,Honda,3553388938794579,Sada Roath,jcb,Gigabox,,Tyukalinsk,Jaloo
6847117524,Mercury,5458950016750343,Lutero Jacks,diners-club-us-ca,Brainbox,,Zhongshangang,Flashdog
3512564100,Chevrolet,5602228684148644,Natala Humphris,china-unionpay,Wordify,,Barranca de Upía,Wikivu
3810457302,Chevrolet,4130991768160,Florida Jopling,visa,Kanoodle,,Cheremshan,Fatz
5228156291,Chevrolet,3562492931618857,Orton Stapylton,jcb,Skiptube,,Berón de Astrada,Livetube
0695689495,BMW,36872807929146,Perkin Kinkead,diners-club-international,Dabtype,,Gowa,Fliptune
9774169697,Scion,4844476958197216,Gardner Le Marquand,visa-electron,Yoveo,,Umm as Summāq,Bubblemix
5667008653,Nissan,56022472698539530,Harwilll Trask,china-unionpay,Zoomcast,,Puget-sur-Argens,Browsebug
5334885994,Chrysler,5602219482959455598,Gabbie Dyball,china-unionpay,Agivu,,Ergates,Jabbersphere
0934741956,Hyundai,58931977127825694,Remington Glossup,maestro,Fivebridge,,Bujaków,Flashpoint
4332299809,Volvo,3569608701892272,Patrice Mathan,jcb,Feedbug,,Bol’shoye Skuratovo,Mydo
3940198919,Honda,5100139525930974,Riobard Hancock,mastercard,Rhyzio,,Nyeri,Twitterworks
7224788627,Toyota,3556326951120493,Corbet Bucknell,jcb,Quaxo,,Tsyelyakhany,Mynte
8358813708,Toyota,4913120799076090,Angelico Heak,visa-electron,Skimia,,Lagoa de Albufeira,Skinte
6284360460,Chevrolet,3581640264490073,Traci Vasilyevski,jcb,Voomm,,Moutas,Katz
5699017798,Pontiac,5578016321401439,Jemmy Manes,diners-club-us-ca,Bubblemix,,Hisor,Chatterbridge
9490543632,Audi,3548026081313056,Helyn Tieman,jcb,Jabbercube,,Isu,Skivee
3049629835,Infiniti,4041378982363007,Svend Brewett,visa,Skiba,,Zhongchao,Vitz
6793624938,Chevrolet,3572715666937359,Petunia Taffs,jcb,Skiptube,,Ibaté,Trupe
3744446689,Plymouth,6379783568728696,Sax Aizkovitch,instapayment,Thoughtstorm,,Melenki,Jaxspan
0927001411,Isuzu,3585897167094453,Kenyon Witch,jcb,Yoveo,,Wangkung,Tagtune
9081173715,Buick,201563091672687,Reagen von Hagt,diners-club-enroute,Buzzshare,,Dzoraghbyur,Topicshots
3732149692,Toyota,5048372180716991,Jesus Briggdale,mastercard,Topiclounge,,Aozai,Twitterbeat
7838242290,Toyota,3577034510089309,Augie Barthot,jcb,Jayo,,Yambio,Oyoyo
0788321633,Buick,4041376828463,Gregor Bisseker,visa,Gabtype,,Guangping,Meetz
7610167762,Volkswagen,201449262664606,Tan Comiskey,diners-club-enroute,Demivee,,Gandusari,Voolia
6947820030,Toyota,3587850763695684,Anna-diana Djekovic,jcb,Youopia,,Nanmo,Skimia
5670843711,Mazda,67093442748811214,Kit Crosham,laser,Flipbug,,Ribeirão Preto,Tanoodle
7515779675,BMW,6372508441936027,Geri McElrath,instapayment,Viva,,Bijeli,Mydeo
0007222149,Toyota,4508372813735547,Rubin Bottoms,visa-electron,Agimba,,Viškovci,Yacero
4938146592,Isuzu,3567454149173211,Scarlet Mullenger,jcb,Kanoodle,,Plaza Huincul,Topiczoom
9833497225,Saab,5602222012077690,Ricki Walkinshaw,bankcard,Topicshots,,Hà Tĩnh,Flipopia
6662484032,Honda,5108753837822323,Braden Tingle,mastercard,Feedfish,,Barotac Viejo,Zoozzy
4575928291,Dodge,4936899856806993234,Darb Comiam,switch,Feednation,,Doetinchem,Mynte
5215360715,Toyota,6771990672891583690,Koenraad Rapinett,laser,Ozu,,Gōtsuchō,Tagtune
6929236977,Audi,3537766579884687,Wilmer Kobke,jcb,Tagfeed,,Kanturk,Chatterpoint
2217973037,Ford,3581365242369658,Blaire Maiden,jcb,Feedmix,,Batiano,Quinu
7513279101,Ford,4041377084504,Brit Lathey,visa,Wordify,,Zhuqi,Wikizz
3268697577,Nissan,3546810239844555,Almeda Rolfo,jcb,Voonix,,Urungpigang,Mycat
3425007467,Ford,3532767814356460,Susi Peasby,jcb,Yakijo,,Minle,Gabvine
7848183297,Honda,201865591070761,Vernen Corney,diners-club-enroute,Bubblemix,,Calabugao,Gabspot
0684895536,Mitsubishi,564182229646512236,Leonie Lilley,switch,Fivebridge,,Rokem Barat,Skivee
1949474976,Infiniti,5602239811524219,Angel Pooley,china-unionpay,Riffwire,,Madruga,Yabox
8287706300,Ford,4041376142899,Cindelyn Truesdale,visa,Yotz,,Kokop,DabZ
4339545783,Lexus,560223604795266256,Milzie Cosley,china-unionpay,Feedmix,,Hali,Quinu
5878731843,Pontiac,3552924871093487,Durward Dinnis,jcb,Babbleblab,,Yeniköy,Gigaclub
9595138630,Audi,63043457483277769,Drake Josefson,laser,Brightdog,,Maliang,Yakijo
4807027360,Honda,5495918867791851,Herold Wrotham,mastercard,Dynazzy,,Mahābād,Browsecat
4872364899,Chevrolet,5602227231743873,Raleigh Baldocci,china-unionpay,Dabvine,,El Ocotón,Divape
4706406293,Chevrolet,4913181124457454,Florance Heare,visa-electron,Feednation,,Tillabéri,Cogilith
8130930196,GMC,3556586233839455,Jeth Mauchline,jcb,Yabox,,Cipolletti,Jaxnation
9170854947,Porsche,3540471581904194,Cristionna Stollery,jcb,Myworks,,Himeji,Gabvine
6648073047,Subaru,5602237431109023,Felita Vasilechko,bankcard,Mydo,,Renhe,Buzzshare
4758226989,GMC,201951467842671,Daisy Demead,diners-club-enroute,Avavee,,Villa Nueva,Rhycero
3974368922,Land Rover,3545642882658169,Devonne Walpole,jcb,Quinu,,Gobō,Agimba
5539589963,Ford,3541477751821802,Charmaine Norville,jcb,Roomm,,Cerrito,Innojam
0675985900,Nissan,5100133348325181,Lela Caso,mastercard,Innojam,,Sokółka,Feedspan
7820867205,Chevrolet,3542574568692175,Carroll Russi,jcb,Brainlounge,,Yaguachi Nuevo,Livefish
5491213101,Audi,3537461101967131,Baird Grinyakin,jcb,Zoovu,,Champaign,Wikivu
1271955695,Cadillac,3540981402485652,Niki Willsmore,jcb,Ntags,,Pangani,Mybuzz
6567070668,Dodge,63047977350207512,Cosetta Cino,maestro,Edgewire,,Ordino,Jatri
9268401592,Oldsmobile,3580313287234271,Darby Jandera,jcb,Skipfire,,Thymianá,Skimia
8616053468,Nissan,5602253482779200,Alina Juhruke,bankcard,Mynte,,Cầu Gồ,Babbleopia
2956394991,Mercedes-Benz,633110378055889963,Shurlocke Jeffreys,switch,Mynte,,Reshetnikovo,Zava
1053572204,Hyundai,3554124952374017,Anatollo Del Castello,jcb,Gigazoom,,Kedungbacin,Cogilith
2190370264,Ford,5100137653798320,Jdavie Dohmer,mastercard,Twitterbridge,,Zaragoza,Meeveo
5668113744,Chevrolet,50185140954517633,Lorry Balloch,maestro,Shufflester,,Vancouver,Gabvine
3657349537,Maserati,3537238851321036,Shel Sparrowe,jcb,Linkbridge,,Svilengrad,Riffpath
1223037320,Buick,372301705593343,Madelyn Mansuer,americanexpress,Edgepulse,,Newlands,Thoughtbeat
3776190205,Ford,67714281213557632,Tyrus Brownhill,laser,Thoughtstorm,,Heping,Browsebug
2814017195,Ford,3541345638296870,Benedikta Trundell,jcb,Chatterbridge,,La Purisima,Jetwire
5237335403,Buick,3569785182336910,Dulcy Peto,jcb,Thoughtsphere,,Leping,Demimbu
2106951736,Lincoln,5247847258570270,Nicolle O'Haire,mastercard,Brainverse,,Helie,Skinix
5281782762,Chevrolet,337941069894607,Kenyon Gammade,americanexpress,Rhyloo,,Lagdo,Topiczoom
2502949114,Dodge,372301866610407,Pauletta Whitwham,americanexpress,Ainyx,,Lazaro Cardenas,Yabox
9517403062,Mitsubishi,5610260554090135,Herby Loads,bankcard,Gabcube,,Santa Rosa de Lima,Yodoo
6026894195,Pontiac,3532928865210812,Basilius Radleigh,jcb,Zoozzy,,Fort Pierce,Topicstorm
0459826042,Mercedes-Benz,6334100404957470156,Freedman Battey,solo,Jaxnation,,Tanshi,Oyonder
6899356031,Hummer,5610935710647262,Gabi Betchley,bankcard,Zoomlounge,,Zhengwan,Riffwire
6204632906,BMW,3577382316482560,Darren Gowrie,jcb,InnoZ,,Francisco Morato,Linkbridge
1157158242,Aston Martin,5602246850613340,Alie Chrismas,bankcard,Podcat,,Uście Gorlickie,Jaxworks
0920440495,Pontiac,6771470005283609618,Roxanne Kelsall,laser,Yakijo,,Bang Lamung,Eare
0067364616,Bentley,374062341927471,Barrie McNee,americanexpress,Mybuzz,,Icheon-si,Gabcube
5465543981,Saturn,5214935521274462,Rusty Joris,mastercard,Rhynyx,,Emiliano Zapata,Yabox
0052966933,Oldsmobile,3545623887770928,Emmy Edel,jcb,Aimbo,,Beni,Edgeblab
8883485505,Jeep,5602243182993250,Ricky Narup,china-unionpay,Avamba,,Novomoskovsk,Livetube
9909064960,Toyota,3540886345785565,Whitaker Crole,jcb,Gabvine,,Izlake,Eazzy
9268096242,GMC,337941216934876,Hill Masseo,americanexpress,Zoomlounge,,Anse Boileau,Brainsphere
8604003029,Lexus,3582338570659403,Bil Lealle,jcb,Plambee,,Parakanpanjang,Wordware
3491625831,Audi,30355742058441,Trenton Drains,diners-club-carte-blanche,Aivee,,Nixi,Skippad
3735872514,GMC,201968857891712,Odella Bronot,diners-club-enroute,Agivu,,Talitsy,Quimba
5253760342,Mazda,4405677849115306,Carlota Tomasek,visa-electron,Agimba,,Paccho,Riffpedia
5756937684,Audi,3589619096369681,Ximenez Stanman,jcb,Janyx,,Šibenik,Skiptube
2883367337,Kia,3529261060492653,Patin Downing,jcb,Twimbo,,Jatibonico,Flashpoint
8187798084,Buick,676757959446638073,Korry McNickle,solo,Photobean,,Pražmo,Mydeo
1662684215,Suzuki,4913390038609213,Cyb Mant,visa-electron,Rhyloo,,Xiaochuan,Gabtype
4259990853,Volkswagen,5002355870507410,Tiffany Akram,mastercard,Skivee,,Labé,Devbug
1749712156,Mazda,3564027626430677,Lorinda Napleton,jcb,Yakitri,,Zhaitou,Skalith
7670954000,GMC,3531319044620496,Odele Shotton,jcb,Wordify,,Dolní Bečva,Muxo
6120320733,Subaru,3571772496162162,Nevsa Mannering,jcb,Skiptube,,Yakymivka,Mynte
3561276571,Mercury,670643968010991454,Sully Renad,laser,Ozu,,Vítkov,Rhynoodle
0825920868,Nissan,5893202573416956,Wilma Widdows,maestro,Skiba,,Lubuagan,Midel
6595641674,Chevrolet,30542401272112,Esra Curzon,diners-club-carte-blanche,Realblab,,Três Passos,Skimia
5157758596,BMW,5602256709018005,Bondon Buckle,bankcard,Teklist,,Reforma,LiveZ
0471810606,Volvo,3589890905744154,Danna Olpin,jcb,Avamm,,Sigma,Twimm
5375981408,Mercury,30363397876950,Gwyneth Teck,diners-club-carte-blanche,Thoughtstorm,,Cairima,Quinu
7443926197,Acura,3540429802700130,Jonell Gringley,jcb,Omba,,Zargarān,Pixoboo
8312516824,Kia,337941042660372,Martynne Pochon,americanexpress,Rhybox,,Wailolung,Flashdog
1102140996,Volvo,36286678588222,Desiri Rawet,diners-club-international,Fadeo,,Wanbu,Zooxo
1941487785,Mazda,3533867170348538,Caren Sayle,jcb,Vipe,,Enköping,Thoughtstorm
9606259528,Saab,5010123425578918,Sonny Byart,mastercard,Twitterbeat,,Nagu,Chatterbridge
3359583264,Mercury,201843184631471,Nanon Buffery,diners-club-enroute,Voonyx,,Gorelki,Youfeed
2401783369,Subaru,5602235550571510,Reagen Swansborough,bankcard,Devpulse,,Drawsko Pomorskie,Blogtag
5047900991,Mazda,3544889012724145,Cecilla Toffetto,jcb,Eire,,Basseterre,Npath
0601880072,Porsche,3556476695473284,Darcey Scoone,jcb,Centimia,,Pršovce,Meemm
3072575851,Dodge,06041951291078840,Clim Bavister,maestro,Oyoloo,,Yingdianjie,Agimba
8050383601,Mitsubishi,3574631942389935,Nanine Plampeyn,jcb,Feedspan,,Nipawin,Voolith
6438824046,Audi,4405468670659673,Reginauld Winter,visa-electron,Linklinks,,Xintang,Trilia
5361262420,Volkswagen,201933980208085,Oneida Loomes,diners-club-enroute,Kaymbo,,Tópaga,Dablist
3909238459,Pontiac,3533004881127973,Ogdan Devanny,jcb,Katz,,Valday,Yakidoo
2656158338,Lexus,3565006264166347,Klarika Jansa,jcb,Aibox,,Barbaza,Babbleset
5576373332,Toyota,5010128993166871,Wesley Medcraft,mastercard,Realcube,,Siderejo,Fadeo
1907733124,Mazda,3563488087722609,Rex Temple,jcb,Flashpoint,,Voznesenskoye,Oloo
9791096562,Dodge,4026968599168630,Sherlocke Skilbeck,visa-electron,Browsetype,,Khanāşir,Eamia
8622390640,Nissan,3531456541595027,Issie Delue,jcb,Linkbuzz,,Lengkongjaya,Twinder
9295389999,Dodge,3530241944193468,Cesaro McCard,jcb,Oodoo,,Cagayan,Thoughtstorm
2775479677,Ford,5460120860147089,Tabby McCritichie,mastercard,Riffpedia,,Sasayama,Browsecat
8234781766,GMC,3586281251228005,Ransom Ebbs,jcb,Pixonyx,,Mochudi,Centidel
9676940216,Bentley,3580048693938632,Ashlen Pardue,jcb,Blogspan,,Eṭ Ṭaiyiba,Flashdog
6837140477,Ford,50186972579701575,Verne McGlaughn,maestro,Gigazoom,,Nikol’sk,Dazzlesphere
5671573378,Toyota,3589077461270804,Ninnetta Yarham,jcb,Realbridge,,Belomorsk,Tagcat
2151792129,Subaru,3565237942913400,Lloyd Whitmarsh,jcb,Tagpad,,Butterworth,Thoughtsphere
8175659793,Chrysler,3529656470754065,Moishe Antonik,jcb,Vimbo,,Brändö,Photojam
5444951312,Subaru,6304401142156102332,Elbertine Matanin,laser,Flashset,,Kukuna,Jaloo
1740224566,Maybach,376495707129480,Willy Bloy,americanexpress,Babbleopia,,Prigrevica,Dynava
8923730920,Hyundai,3560852974775215,Petey Goggen,jcb,Kimia,,Al Manzilah,Feedfire
4231901686,Hyundai,4905261164659808269,Rosamond Calterone,switch,Wikivu,,Langxi,Vipe
8068023631,Dodge,5496675857425846,Guthry Haestier,mastercard,Kazio,,Kassándreia,Voolia
5045109359,Maserati,3538236357733778,Jody Merchant,jcb,Wordify,,Xijia,Jaxnation
6716039570,GMC,201809794832403,Eben Lawther,diners-club-enroute,Realpoint,,Kista,Zoomzone
0178310190,Buick,564182232693037073,Deck Magrane,switch,Yakidoo,,Markham,Kaymbo
2376880378,Mitsubishi,4405354353157898,Elisa Hayton,visa-electron,Yakidoo,,Ibitinga,Gigaclub
2225420335,Dodge,3566797819926107,Trumann Leftly,jcb,Jamia,,Mojorembun,Cogilith
1331719240,Mitsubishi,5007660901629314,Sky Daubney,mastercard,Photobug,,Viana do Alentejo,Kazu
6199021533,Chevrolet,6390070418303176,Mason Pawelczyk,instapayment,Roomm,,Tekstil’shchiki,Twitterbridge
5676016515,Lexus,3560867314192970,Ambrosio Bodesson,jcb,Photojam,,Mulanay,Aibox
9342086977,Porsche,201575128654371,Vally Rayment,diners-club-enroute,Jaxspan,,Ganjiang,Fliptune
8274549481,Volkswagen,3572543182705211,Dotti Pipkin,jcb,Oodoo,,Pärnu-Jaagupi,Jabbersphere
3424228354,Mitsubishi,3531501678953182,Ellis Pevsner,jcb,Camimbo,,San Diego,Mymm
8134679749,Ford,374622748392064,Dex Macklam,americanexpress,Brainsphere,,Placencia,Miboo
7205133815,Ford,3544253107739387,Lorne Bodimeade,jcb,Wordify,,Danzi,Photospace
8198004378,Chevrolet,5262520764971072,Stanislaw Hauxwell,mastercard,Vipe,,Zavolzh’ye,Meetz
6617159330,Chevrolet,4913919174431006,Lenee Jillins,visa-electron,Thoughtmix,,Huangji,Rhybox
9495156181,GMC,4017952033677035,Orland Tuminini,visa,Thoughtblab,,Soloneshnoye,Skippad
2515902359,GMC,5100173196549359,Thebault Dallicott,mastercard,Photobug,,Antaparco,Buzzster
3226885464,Ford,589355351201769593,Zed Dunridge,maestro,Mita,,Ipiaú,Buzzbean
7060482784,Mitsubishi,3556147241684845,Leshia Etherson,jcb,Twitterbeat,,Verkhniy Dashkesan,Buzzster
8036739216,Subaru,50201631277458059,Daniella Stainfield,maestro,Yakijo,,Maibu,Tagchat
6050571570,Toyota,3555921173638602,Berta Cathery,jcb,Teklist,,Pukou,Gabspot
2059921562,Toyota,675919497327324072,Lavinie Dutnell,maestro,Myworks,,Tierimu,Photobean
0123785723,BMW,3574074659032283,Johna Trayhorn,jcb,Twitterlist,,T’et’ri Tsqaro,Geba
0145510506,Acura,67098898151003497,Kakalina Itzkin,laser,Quatz,,Kista,Ntags
7174665004,Subaru,30515225492371,Marion Klaffs,diners-club-carte-blanche,Yombu,,Nueva Guadalupe,Skilith
2149375001,Scion,3539790296778509,Aurore Hurt,jcb,Nlounge,,Pajala,DabZ
1152511939,GMC,3580850870411600,Niven Haton,jcb,Oloo,,Kermānshāh,Mudo
6397542998,Chevrolet,374283329481998,Brigitte Nelm,americanexpress,Kamba,,Quixadá,Youbridge
0668167181,Honda,560221865968525172,Batholomew Forber,china-unionpay,Omba,,Rzewnie,Yodel
7034329834,Honda,3546315077325584,Ealasaid Maric,jcb,Tambee,,Sumuranyar,Ailane
1414685335,Chevrolet,374283969691831,Row Kidd,americanexpress,Babbleset,,Al ‘Ayzarīyah,Dynava
2151014517,Plymouth,3566408341059033,Harland Gallant,jcb,Ntags,,Shouchang,Feedmix
5658387000,Lexus,30227371634430,Lonnie Bradden,diners-club-carte-blanche,Skivee,,Uberlândia,Skynoodle
0922355630,Chevrolet,4175003769808358,Emilee Congram,visa-electron,Yakitri,,Shaydon,Avavee
4502200638,BMW,5216523470984774,Cleveland Kingsman,mastercard,Browsecat,,Paço,Jaxspan
2738744931,Jeep,3561704033049752,Calypso Khristoforov,jcb,Blognation,,Shamkhor,Youspan
8448472209,Dodge,4903003080637378,Shanda Caustick,switch,Avamba,,Zhemtala,Camimbo
2522507842,Lincoln,3562712313420709,Sargent Clemmett,jcb,Mydeo,,Firmat,Flipstorm
7563686266,Pontiac,5108752424394563,Broderic Cartner,mastercard,Shuffletag,,Pinrang,Feednation
5206734098,Porsche,3531833974845774,Mark Strowthers,jcb,Izio,,Žabljak,Meetz
9224795811,Hyundai,3535440156955268,Cory Cavaney,jcb,Voonder,,Oslo,Thoughtmix
1604097833,Toyota,4405062969577421,Hannis Leatherborrow,visa-electron,Geba,,Lidköping,Kanoodle
2853195856,Acura,3559782297606727,Leland Braidman,jcb,Kare,,La Sabana,Rhynoodle
7703313831,Mitsubishi,6763193947070532169,Perl Andreix,maestro,Agimba,,Radziszów,Shuffledrive
2885545674,Chevrolet,201447954369286,Norina Rawood,diners-club-enroute,Jetwire,,Матејче,Vidoo
1411921909,Mercedes-Benz,3562321637169651,Shanna Hyndley,jcb,Youspan,,Calumpit,Realbridge
6399822092,Nissan,5002353704023860,Gill Mawditt,mastercard,Meejo,,Ciudad Bolivia,Edgeclub
2651829994,Toyota,50202063732301691,Dallon Oneil,maestro,Gigazoom,,Skien,Oodoo
4452017088,Chrysler,5602238520299303,Timothy Toffanelli,bankcard,Livepath,,Pangao,Eimbee
3997497648,Jeep,3530431076601533,Kettie Bamforth,jcb,Voonder,,Chyżne,Feedmix
0396261809,Subaru,4405470533788228,Ferd Dell'Abbate,visa-electron,Vimbo,,Kanshan,Ailane
9461000278,Mercedes-Benz,3529483623107491,Chev Perrott,jcb,Miboo,,Nerópolis,Youtags
8130895986,Ferrari,3558709841930114,Celestyna Brydone,jcb,Photolist,,Kunwi,Leexo
7861755959,Plymouth,5048376999916569,Esmeralda Ashwell,mastercard,Rhynoodle,,Lebedinovka,Fanoodle
7892350675,Nissan,374622608258074,Brett Tulloch,americanexpress,Riffwire,,Farafangana,Oloo
0177342889,Buick,4405105303683726,Ramsey Khan,visa-electron,Zooveo,,Huatanshan,Pixonyx
7040537494,Mitsubishi,377840873567899,Mose Hasson,americanexpress,Zoozzy,,Malaya Dubna,Demivee
9519567232,Dodge,5018857690903036,Mandy Fanthome,maestro,Browsebug,,São Miguel de Machede,Wikivu
4026776212,Mercedes-Benz,3537399538913734,Jedd Patchett,jcb,Yata,,Araguaína,Flashpoint
3312005523,BMW,4017953479713441,Lin Pollicott,visa,Jaxspan,,La Roche-sur-Yon,Eazzy
4857035626,Audi,4958031405286781,Gherardo Steljes,visa,Digitube,,Rayside-Balfour,Wikizz
3410872876,Mitsubishi,5100144144303645,Cosmo Scurrell,mastercard,Photolist,,Lukovë,Chatterbridge
5664948264,Land Rover,5893387217518990557,Axe Patterson,maestro,Skipstorm,,Serra,Voolia
5775596153,Chevrolet,3584237089926972,Loralie Roadnight,jcb,Skibox,,Mistrató,Wikizz
2952337411,Mazda,3550652955736331,Kevyn Wicklen,jcb,Yabox,,Hualin,Devbug
5505640877,Subaru,67068293566051776,Octavius Ledgeway,laser,Vimbo,,Outapi,Topicstorm
4729265637,GMC,3536487050651757,Vitia Hollyar,jcb,Browseblab,,Lanlacuni Bajo,Demimbu
1691478296,Porsche,6397003282600834,Kristen Fearenside,instapayment,Twinder,,Xuling,Brightbean
5406684442,Ford,670666135544243917,Allister Chretien,laser,Viva,,Matsutō,Kazio
8750173227,Chevrolet,5115238913943673,Zelig Daw,mastercard,Eidel,,Maji,Yoveo
6064584211,Dodge,6706938226504913,Felicity Normanvill,laser,Vitz,,Jiatou,Vitz
7588204230,Jeep,3581801188494878,Harley Hymor,jcb,Fivebridge,,Mainang,Edgepulse
6802505142,Lexus,6397209854959124,Franz Ellick,instapayment,Thoughtblab,,Bagjasari,Centizu
8035188135,GMC,30405212888288,Rozalie Scholz,diners-club-carte-blanche,Jazzy,,Chitagá,Flipstorm
2109501138,Lincoln,5192495300427092,Ursulina Cauderlie,mastercard,Abata,,Balingasag,Gabspot
0933301529,GMC,3541530670547450,Vernor Ofield,jcb,Topdrive,,Kamojimachō-jōgejima,Centidel
5889152564,Hummer,3571281725780026,Yasmin Bromige,jcb,Nlounge,,Ołpiny,Bubblebox
5655436019,GMC,3565691641629727,Melody Dursley,jcb,Gigazoom,,Qasr Abu Hadi,Jaxworks
5570982434,Ford,3554986355474036,Adela Lobb,jcb,Thoughtbridge,,Kawangu,Flashpoint
6798153682,Honda,5010123024606862,Adina Williams,mastercard,Tagchat,,Shinjō,Skiptube
2598435397,Cadillac,5534504511764719,Dasya Bachellier,mastercard,Einti,,Bruxelles,Latz
1551913763,Nissan,6761251447315859,Kalina Minear,maestro,Skyvu,,Kugri,Yakidoo
5415229175,Ford,3558077841779828,Dee Gamlin,jcb,Oyoyo,,Ugra,Topiclounge
0602552338,Dodge,3583396502026249,Isabel D'Oyly,jcb,Latz,,Rutul,Dynabox
6210473199,Subaru,4017955982095,Michel Pleavin,visa,Quinu,,Tiechang,Chatterpoint
7954675653,Lamborghini,3564002276222195,Keene Markwell,jcb,Twimbo,,Tha Uthen,Twimm
5131786274,Lincoln,3566486447471518,Torie Cristol,jcb,Yacero,,Oranjestad,Buzzster
4449886062,Jaguar,3542177451788579,Ailis Windsor,jcb,Oyondu,,Olleros,Quimba
0358190096,Buick,3541606167462641,Lorant Bette,jcb,Skajo,,Nambak Tengah,Plajo
7191458674,Mazda,4405980473645683,Enid Howsley,visa-electron,Jatri,,Aix-en-Provence,Bubbletube
3305547421,Audi,3556377164913455,Ailina Alpine,jcb,Mudo,,Casa Branca,Topiclounge
6151223535,Lexus,5386709830660139,Rockie Kilbee,mastercard,Tagtune,,Abiko,Feedspan
4208174463,Volkswagen,3584208703927704,Cassaundra Vasiljevic,jcb,Quire,,New Sibonga,Fivechat
7835085631,Mitsubishi,201887723089055,Fred Bogey,diners-club-enroute,Dabtype,,Huliao,Oyoloo
1155055349,Toyota,372301779478488,Michaela Punt,americanexpress,Feedfish,,Asopía,Youfeed
2903697272,Toyota,201524175343249,Vera Brotherhed,diners-club-enroute,Roodel,,San Ramon,Jayo
8907824975,Saab,5020955367780388907,Jessey Pendrigh,maestro,Jetpulse,,Washington,Leenti
1308607571,Nissan,374288809246837,Pall Goldney,americanexpress,Realblab,,Hanghuadian,Yamia
0389119113,Nissan,5421194874070338,Joya Loadman,mastercard,Zava,,Killarney,Devpoint
5999731003,Dodge,5602227043356473798,Manolo Twinning,china-unionpay,Layo,,Telagaselaba,Meevee
1809408253,Saab,5126367896587061,Terrie Starzaker,mastercard,Browseblab,,Wansheng,Avaveo
9325756420,Volkswagen,589371726332162570,Emlynne Reddie,maestro,Skinix,,Garang,Cogidoo
2122582286,Saturn,341512411741707,Sergei Labrow,americanexpress,Flashpoint,,Nangerang,Zoovu
1846633931,Saturn,3568362975233927,Carlye Bladge,jcb,Youspan,,Nanxi,Zoomzone
6280347761,Lexus,30511304178999,Andris Slaght,diners-club-carte-blanche,Teklist,,Aḑ Ḑil‘,Twitternation
7809418297,Infiniti,5108756515197579,Adam Benz,mastercard,Feedfish,,Gaocang,Twitternation
6524735218,Kia,561041341006899058,Marybeth Ketteringham,china-unionpay,Voonte,,Carazinho,Fivebridge
8613214746,Audi,3574203629469180,Barny de Keep,jcb,Muxo,,El Plan,Divanoodle
2134242167,Chevrolet,3532451425448541,Valerye Skelcher,jcb,Realbuzz,,Cicapar,Oloo
9000909422,Lincoln,374283556864437,Constancia Dellit,americanexpress,Rhynoodle,,Ostankinskiy,Twinder
6751955383,Subaru,67068101906845023,Ivonne Valois,laser,Flashpoint,,Roza,Skynoodle
4900258229,Mazda,3543086143348388,Heidi MacAne,jcb,Blogtag,,Kolindrós,Oba
2329965834,GMC,5108759190821844,Charles Bales,mastercard,Devify,,Dampek,Ooba
3054009939,Mercedes-Benz,6304539736846541,Pansie Godlee,laser,Riffwire,,Tacoma,Fivechat
5390638212,Mercedes-Benz,3551365619386984,Dwayne Horburgh,jcb,Youtags,,Batulawang,Quimm
0437142159,Chevrolet,3563265586905590,Cassandry Birdwhistle,jcb,Riffwire,,Daidaon,Topicblab
4075911519,Saab,3550993838232456,Hinze Ahlin,jcb,Yakijo,,Buyende,Jatri
2188552865,Honda,5602213293845459,Elene Grayley,china-unionpay,Twitterbeat,,Nanmu,Bluejam
0681583371,Mitsubishi,3571249077886709,Maximo Fifield,jcb,Aibox,,Tekikbanyuurip,Yoveo
1864048670,Mitsubishi,503800352735861247,Daune Lillicrap,maestro,Kwinu,,Bremen,Skalith
3930181908,Ford,4508374401194830,Ingra Chadband,visa-electron,Kwimbee,,Santa Cruz,Yakijo
1278184724,Chevrolet,5602235779286775,Jewel Leeming,bankcard,Lajo,,Wenchi,Browsedrive
0304095559,Kia,3578282577935737,Clemmy Dillon,jcb,Skibox,,Guolemude,Roombo
5353461967,Aston Martin,3584286092343881,Corrine Sybbe,jcb,Tazzy,,Kamenskiy,Twitterbridge
8991701558,Land Rover,56022359097287441,Tibold Craydon,china-unionpay,Fadeo,,Ceibas,Latz
7764499633,Chevrolet,6762713870400721,Alla Ribbon,maestro,Jetpulse,,Bajiao,Zoomlounge
2479255727,Dodge,3550680393340929,Margaret Wrathmall,jcb,Tagfeed,,Hengyang,Aimbo
9423886817,Mazda,36972747806436,Claudetta Cumpton,diners-club-international,Yodel,,Machang,Browsetype
3345526743,Land Rover,3574201373934698,Dunn Gaylard,jcb,Voolia,,Hukou,Eamia
0233298436,Volkswagen,3587669538237360,Libbey Verzey,jcb,Skalith,,Balaoang,Rhyloo
8623293215,Mazda,3580834214988119,Tiertza Padrick,jcb,Gabtune,,Alvito de São Pedro,Ainyx
0774330287,Chevrolet,376054307396054,Amby Ortzen,americanexpress,JumpXS,,Linquan,Rhyloo
9170883092,Acura,4017954794475,Chloris Tuffley,visa,Kayveo,,Bry-sur-Marne,Eidel
0647556421,Chevrolet,50182594817638494,Vale Purselow,maestro,Quinu,,Armstrong,Browsedrive
5099431860,Ford,36061648295061,Trixie Benck,diners-club-international,Dabtype,,Linshe,Voomm
9366645704,Mitsubishi,3567648065928819,Tina Issett,jcb,Feedspan,,Chengxi,Tanoodle
4017806171,Porsche,3541428102281444,Collie Delaprelle,jcb,Demizz,,Vashkivtsi,Realbuzz
5103201119,Toyota,4041375974656,Idette Scheffel,visa,Jaxnation,,Qingfeng,Youbridge
2016159790,Ford,3539243838455798,Ardella Greenless,jcb,Shufflebeat,,Iracemápolis,Divanoodle
1014981549,Volkswagen,3557038917154677,Jaye Brogan,jcb,Rhycero,,Tiancheng,Lajo
1257784439,Mitsubishi,36800087060415,Liza Duffer,diners-club-international,Blogtags,,La Libertad,Eimbee
0506923339,Ford,30139480666932,Lindy Colles,diners-club-carte-blanche,Flashspan,,Paris 17,Vinder
9145614970,Lincoln,4936889330138790,Fields Caruth,switch,Quinu,,Padas,Browseblab
9310004363,Subaru,3557893759740631,Loraine Gounin,jcb,Jaxspan,,Stegna,Youfeed
6090127795,Mercedes-Benz,372301228168557,Aksel Halls,americanexpress,Gabcube,,Izyum,Leexo
4842509147,Jaguar,56108817866719958,Verena Lotwich,china-unionpay,Omba,,Resplendor,Podcat
1365423425,Ford,201770486163319,Mitchell Elsmore,diners-club-enroute,Dynazzy,,Maji,Kwimbee
2670543480,Chevrolet,3542882018392019,Lodovico Kubek,jcb,Lazz,,Uglich,Eire
0041224396,Dodge,5492105903892470,Grissel Pietasch,diners-club-us-ca,InnoZ,,Karanganyar,Youopia
7395267923,Chevrolet,67091320877924986,Guenevere Crocker,laser,Browsetype,,Khodzha-Maston,Jabbersphere
0925739820,Chevrolet,3581359548807438,Alexander Cattrell,jcb,Quinu,,Tsenher,Midel
6867666647,Mercedes-Benz,67096516075361658,Gertrud Vater,laser,Quimba,,Ketapang,Devshare
6318692657,Audi,5602213765200126,Aloysia Bothram,bankcard,Mydeo,,Loyew,Yakitri
4581472555,Mitsubishi,4903367359705937611,Violetta Hodcroft,switch,Skimia,,Sandefjord,Meedoo
9880331710,Lamborghini,3576445358303316,Kaitlynn McInulty,jcb,Katz,,Suwaru,Myworks
1024357651,Chevrolet,3578833151093077,Petronella Wiley,jcb,Quinu,,Arpajon,Youspan
5041322368,Hummer,5100173078298760,Kristi Isac,mastercard,Twitterbridge,,San Andrés,Avamm
3324671795,Pontiac,3529813358206342,Annmaria Darker,jcb,Dablist,,Bom Conselho,Skinder
8234534580,BMW,3547111108971010,Marcella Leavens,jcb,Eamia,,Ban Lŭng,Thoughtbridge
8104579932,Ford,3567186549618391,Leanna MacAulay,jcb,Jamia,,Biała,Bluezoom
6678254953,Kia,5602242207722330,Harlie Sabates,bankcard,Dynava,,Mitzpe Ramon,Eimbee
4943905714,Saturn,36443467677860,Biron Furmage,diners-club-international,Realblab,,Baiyang,Jabbertype
3805547919,Mercury,3585220270586325,Niels Barfitt,jcb,Skipstorm,,Kireyevsk,Tavu
4672750337,Dodge,3553933051131511,Mateo Orbine,jcb,Edgeblab,,Lyon,Thoughtbridge
5608260244,Chevrolet,5602234748597479,Flossy Theobold,bankcard,Oloo,,Changyuan,Livefish
0540653799,Jeep,6383615402610884,Barnebas Renshell,instapayment,Oyoyo,,Valtelheiro,Aimbu
7101163637,Ford,3567635447752942,Aubrie McFarlane,jcb,Yabox,,Petropavlovsk,Babblestorm
8497467221,Aston Martin,56022387101978499,Ursuline Roblett,china-unionpay,Tambee,,Springbok,Flashdog
9896625522,Maybach,4903688403842655884,Corena Ondrich,switch,Bluejam,,Aranitas,Pixope
6449163666,Honda,30552736837646,Grady Shilburne,diners-club-carte-blanche,Nlounge,,Poyang,Flashspan
1777256933,Toyota,3585970822470291,Seumas McAmish,jcb,Eadel,,Niu,Thoughtstorm
3981455886,BMW,3548371311500712,Hanson Leitche,jcb,Kwimbee,,Karangsuko,Janyx
7700877351,Pontiac,5439788933420945,Flory Rubens,diners-club-us-ca,Flipbug,,Panggung,Agimba
2870950012,Toyota,201793012616568,Lars Sutliff,diners-club-enroute,Kazu,,Saýat,Devshare
0545624126,Ford,3540117228816016,Shelly Leward,jcb,Jetwire,,‘Alīābād-e Katūl,Mycat
9633025095,Infiniti,3528292658592308,Mechelle Dymidowicz,jcb,Zoomlounge,,Deje,Quatz
2633864333,Volvo,4405595354885966,Lucian Daughtery,visa-electron,Voonder,,Petaluma,Yadel
1657234126,Jaguar,3584936513659436,Lydie Kenafaque,jcb,Brainbox,,Bohdalov,Shufflebeat
3150014816,Scion,3574079243911751,Myrah Longcake,jcb,Babblestorm,,Sukkozero,Tazzy
3421918163,Lincoln,3569273681579629,Raddie Sollom,jcb,Jayo,,Mae Lan,Realmix
6407673771,Toyota,5573275297528279,Tripp Blaydon,mastercard,Thoughtmix,,Ängelholm,Yozio
7204859774,Mercedes-Benz,6304610702434202761,Michelina Blue,maestro,Zoomcast,,Neftçala,Rhycero
3950266046,Ford,5100130285192277,Benedikt Roll,mastercard,Avamba,,Dunleer,Oodoo
9263354286,Plymouth,5641820926659603,Selie Boram,switch,Geba,,Bolanon,Brightbean
9819136911,Plymouth,30215301426803,Haley Spohr,diners-club-carte-blanche,Linktype,,San Lorenzo,Trudoo
5603215453,Chrysler,5048376808224528,Purcell Yoell,mastercard,Centidel,,Bayeman,Topiczoom
7083703302,Dodge,3551041873402201,Puff Sloley,jcb,Eadel,,Oesapa,Riffpath
1934043842,Toyota,3531163247759143,Briano Wytchard,jcb,Skyba,,Manglid,Buzzster
7852975658,Cadillac,3565149982043644,Daryl Hache,jcb,Flashpoint,,Ljungby,Realbridge
1385119268,Porsche,4041598506244,Anett Strivens,visa,Mynte,,Qiawan,Dabtype
0117828440,GMC,5575642615274092,Any Drewell,diners-club-us-ca,Trudeo,,Jiutai,Twitterworks
2685096833,Honda,6706169528221390,Niko Willmett,laser,Youtags,,Bandung,Centizu
6002876561,Chevrolet,3530988215335539,Emyle Monsey,jcb,Brightbean,,Boulogne-Billancourt,Eire
3260759220,Austin,5100178782874715,Kaitlynn Prichet,mastercard,Edgeify,,Motupe,Topdrive
8465207976,Ford,3581509693123136,Neysa Cooper,jcb,Meemm,,Kissidougou,Yakitri
6400199969,Isuzu,589301364286698871,Alphard Lamprey,maestro,Meedoo,,Sémbé,Bubbletube
8506142482,Audi,4009500342032,Codee Terrell,visa,Wordtune,,Gelsenkirchen,Jaxbean
8877110058,Mazda,4508819480326760,Philbert Bog,visa-electron,Edgetag,,Suocheng,Skinix
8301353104,Bentley,501863414930216110,Nani Menzies,maestro,Skalith,,Thung Song,Livetube
8239671225,Volvo,3581998270917590,Karly Brion,jcb,Mynte,,Smętowo Graniczne,Snaptags
6067920034,Mitsubishi,5602212244377950,Sigismundo Eicke,bankcard,Babbleblab,,Lilla Edet,Fadeo
2498207953,Mercedes-Benz,3530601208316933,Sapphire Yantsev,jcb,Flashpoint,,Tân Việt,Mydo
0000106658,Buick,4017954483277,Gelya Asprey,visa,Zazio,,Lukou,Dynabox
3218932440,Bentley,4508386964619367,Valene Darthe,visa-electron,Flipstorm,,Ledok,Yotz
0467947619,Mitsubishi,5448518670793819,Georges Zanetto,diners-club-us-ca,Blogspan,,Jand,Roodel
9018445932,Lincoln,3552543456821029,Robinet McRinn,jcb,Rhynoodle,,Ntaur Satu,Jabberstorm
7948671609,Honda,4903534084411007131,Tannie Legerwood,switch,Linktype,,Moret-sur-Loing,Realbuzz
3707435741,Toyota,201859359753122,Whitby Calcraft,diners-club-enroute,Leexo,,Chinameca,Gigazoom
8885998844,Pontiac,6304565771798198,Gwendolen Dullard,maestro,Yakitri,,Bilhorod-Dnistrovs’kyy,Meemm
7285264873,Nissan,5602212738602996,Jocelyn Wildish,bankcard,Brightbean,,Isyangulovo,Eadel
4621394304,Mitsubishi,4026741563976241,Darleen Marchent,visa-electron,Browseblab,,Al Jīzah,Yoveo
6979084860,Honda,4844360851645572,Dillon Ivie,visa-electron,Jatri,,Ciperang,Topicshots
3198966116,Subaru,4913517005433025,Nikki Moncrieffe,visa-electron,Photobug,,Sankeng,Avavee
0358436192,Dodge,5038542664537117155,Nadeen Barrable,maestro,Topicware,,Belmullet,Skiptube
8054402201,Hyundai,3543243830518829,Jo-anne Terrey,jcb,Jaxbean,,Colorado Springs,Jaxbean
1837109354,Chevrolet,30354580267305,Ceciley Lasham,diners-club-carte-blanche,Dabjam,,Honoria,Katz
9612566860,Lexus,56022486827627248,Edik Kornel,china-unionpay,Mynte,,Horní Bečva,Edgeclub
6060481264,Lexus,3553773930470577,Mirelle Whanstall,jcb,Photospace,,Terjan,Mycat
4032073724,Honda,201777051168458,Consuelo Arstingall,diners-club-enroute,Snaptags,,Shimodate,Dynava
8645687712,Land Rover,374288843680397,Boy Dufty,americanexpress,Zoombeat,,Castrovirreyna,Rhycero
4080821921,Ram,3585699531277743,Blake Broader,jcb,Latz,,Dunleer,Devcast
7766159279,Chevrolet,201489699338572,Cari Tenpenny,diners-club-enroute,Browsetype,,Sibulan,Jetpulse
0963293621,Porsche,5602237250373313653,Davey Marrion,china-unionpay,Feedfire,,Langsepan,Eabox
3937074406,Pontiac,30266348889453,Vivyanne Regina,diners-club-carte-blanche,Zooveo,,Sikur,Topdrive
2428215027,Mercedes-Benz,6397015551016435,Giffard Jeffryes,instapayment,Blogspan,,Kommunisticheskiy,Oyoloo
9804814668,Mercedes-Benz,3579961303791014,Goldie Ireson,jcb,Kwideo,,Santisimo Rosario,Twitterlist
7428567467,Mazda,5602227241842988,Shelton Aleksandrov,bankcard,Vitz,,Machachi,Edgetag
4738974149,Volvo,5287260461217849,Cris Tybalt,mastercard,Twitterlist,,Rešetari,Browsedrive
7939215957,Mitsubishi,30525025075474,Jedediah Souttar,diners-club-carte-blanche,Agimba,,Lanús,Omba
7597641931,Honda,3541377103059111,Shelli Lightowler,jcb,LiveZ,,Olympia,Realcube
5607314014,Honda,3544004047878490,Tyne Daud,jcb,Ailane,,Khalkhāl,Kazu
3494254907,Mercury,3542758877492308,Dynah Nisuis,jcb,Yadel,,Shuangyuan,Kayveo
8620058959,Mazda,5602248476287114385,Donnie Pancast,china-unionpay,Dablist,,Chicago,Topdrive
8888858520,Subaru,6763717171431979,Dori Yglesia,maestro,Zooveo,,Yoshii,Voonix
8642872136,Toyota,6377710244151540,Raymund Reedshaw,instapayment,Kamba,,Nyzhni Sirohozy,Tambee
3361459834,GMC,3540237101104270,Kaylil Pulster,jcb,Flashpoint,,Caocun,Ailane
9274049005,Honda,201555320313430,Kendall Durden,diners-club-enroute,Wikivu,,Łyse,Skyba
3111166767,Ford,5602241437417315,Quinta Nani,bankcard,Rhyloo,,Xinjie,Gabtype
3391145188,Dodge,6767556613315744728,Cheston Roset,solo,Twitterworks,,Sanlian,Gabvine
5690922315,Hyundai,3539156287439883,Moise Ingram,jcb,Youtags,,Flandes,Wikivu
1088364810,Cadillac,373298937094729,Dennison Tinsey,americanexpress,Zoovu,,Göteborg,Wikivu
9349632217,Oldsmobile,4917222409450289,Larisa Slamaker,visa-electron,Kwimbee,,Sugihmukti,Oyoyo
6759726367,Ford,3534206214326292,Fletcher Fairham,jcb,Eazzy,,Leiyang,Trudoo
2131029683,Acura,491195719024848393,Burnaby Fendt,switch,Zoomzone,,Kastsyukovichy,Ailane
3964936006,Dodge,6333997178232593,David Shakesby,switch,Edgeify,,Évreux,Skivee
2072967465,Ferrari,3533278484083458,Brewer Fealty,jcb,Twitterworks,,Ngadri,Voonte
5841117815,Cadillac,0604012638959592041,Egan Doorey,maestro,Dynabox,,Suphan Buri,Kazu
5709289728,Lexus,6771492645920201,Odele Fudge,laser,Yodo,,Maracanaú,Twimbo
8616347518,Buick,3531386046469669,Rozamond Durrance,jcb,Dabshots,,Pando,Eayo
1797278916,Pontiac,5007661926181083,Tandy Gutierrez,mastercard,Demizz,,Verkhov’ye,Yambee
0203341104,Ford,3583574057485719,Brigit Maling,jcb,Skinder,,Mŭynoq,Wikizz
2049521642,Acura,3544053512541018,Duky Lodder,jcb,Aivee,,Bulawin,Riffpedia
0037919393,Mitsubishi,30070647975751,Hewitt Gallanders,diners-club-carte-blanche,Quimba,,Buíque,Wikido
4232842721,Audi,3552941856918454,Marline Hemeret,jcb,Npath,,Kolindrós,Realcube
1197913017,Ford,3530031472812385,Ruthi Heeps,jcb,Mybuzz,,Wenxi,Ozu
8507356885,Nissan,6331103693486242,Brook Oaten,switch,Oyonder,,Boston,Youspan
4869243288,Mazda,3536234164057376,Izaak Scrowby,jcb,Wikido,,Shishan,Yotz
4091149626,Buick,3579274569822485,Hyacinthie Cominoli,jcb,Ozu,,Tuapse,Livetube
1983049549,Toyota,201630321314156,Nikkie Tame,diners-club-enroute,Shuffledrive,,Yousheng,Wikibox
6191430191,Mazda,6334081836904502,Nickey Mongeot,solo,Kazio,,Jasper Park Lodge,Trudoo
3723372813,Toyota,3572039964749261,Rebekkah Walford,jcb,Voolith,,Jaša Tomić,Blogtag
8019654941,Chrysler,6759749267826804466,Bianka Pavlovsky,maestro,Cogidoo,,Las Flores,Lazzy
6948758088,Mitsubishi,3564784159084707,Cornall Middis,jcb,Cogilith,,Lisia Góra,Skinte
0351829563,Mazda,3564723381841252,Elysia Jannasch,jcb,Blogtag,,Pärnu,Twitterbridge
8292902791,Saturn,6763877767471084,Edgar Bidewell,maestro,Thoughtstorm,,Honolulu,Wikivu
1523947004,Mitsubishi,30441683474803,Shaine Zouch,diners-club-carte-blanche,Flashdog,,Lappi,Edgeblab
3811208551,Chevrolet,3568585330318930,Maryrose De Wolfe,jcb,Flashset,,Xinle,Edgetag
2667278933,Honda,5108752362065795,Abby Eaton,mastercard,Feedmix,,Andkhōy,Meembee
2463946334,BMW,3541258718805512,Rip McGinley,jcb,Brightdog,,Kafarati,Mycat
9934951819,Lincoln,3573447648117863,Winonah Pavy,jcb,Meevee,,Kąty Wrocławskie,Tagchat
0725985690,Pontiac,372301167718198,Jefferson Guitt,americanexpress,Skidoo,,Hujia,Kwimbee
1380050294,Subaru,67096248232491687,Kellyann Eagers,laser,Fadeo,,Vänersborg,Wikizz
2677674599,Buick,3584871306596927,Eadie Ben-Aharon,jcb,Mudo,,Jiufang,Realbuzz
5497694705,Hyundai,6304062659340378791,Kimmie Dumbar,maestro,Ntag,,Xin’an,Jaxnation
0965274349,Mitsubishi,201807394646850,Devon Galletley,diners-club-enroute,Rooxo,,Changzhou,Skinder
5894641748,Chevrolet,3571543452664396,Dillie Child,jcb,Yata,,Ceranów,Meevee
7447114928,GMC,4903985799768750116,Talyah Fundell,switch,Shufflebeat,,Bolgar,Flashdog
0958151709,Acura,5100145159161877,Annice Bote,mastercard,Fivechat,,Tierimu,Oyoloo
8314973750,Acura,5322070332185183,Ulrich Bulbrook,mastercard,Quinu,,Larkird,Yata
6156457313,Suzuki,3537754224945558,Garrick Kment,jcb,Flipopia,,Solna,Eimbee
7864882757,Lincoln,6762753893330497,Jakob Bourner,maestro,Trilith,,Lampa,Eadel
9090712518,Ford,3532153508000484,Yank Shardlow,jcb,Livefish,,Amparo,Thoughtmix
2416078062,Lexus,370407496599910,Willamina Frowen,americanexpress,Topdrive,,Santa Monica,Oba
2473907358,Chevrolet,3543878668733188,Laurella Hodjetts,jcb,Podcat,,Gąbin,Trilith
1672925258,Kia,3586741788673056,Katlin Yglesias,jcb,Trudeo,,Laojun,Talane
5224484340,Chrysler,3557308281341519,Adlai Maasz,jcb,Voonyx,,Haljala,Yozio
7201221493,Pontiac,374283779791623,Andria Marson,americanexpress,Linktype,,Heyu,Divavu
4138884319,Dodge,374283432344372,Frank Kentish,americanexpress,Oba,,Yunshan,Devbug
5092853166,Suzuki,4913015426332678,Zach Bezants,visa-electron,Jaxworks,,Birmingham,Skyndu
0125958455,Subaru,3585375041266191,Bettina Maddams,jcb,Fivechat,,Urungpigang,Eare
0200838814,Dodge,3557459787069789,Fredric Bumphrey,jcb,Fivespan,,Créteil,Innotype
1153234629,Rambler,3529212785579837,Iolande Tysack,jcb,Photobug,,Ugep,Demizz
4536232931,Toyota,6391540072678302,Florette Greenhead,instapayment,Kazio,,Crateús,Tazz
7101496660,Mitsubishi,3578594604715803,Melvyn Campbell,jcb,Edgeclub,,Sigavé,Skalith
7215030628,Dodge,3566916386901232,Philly MacKibbon,jcb,Oyonder,,Xia Dawo,Katz
8975585689,Mazda,374288481095601,Marten Arkill,americanexpress,Linkbuzz,,Šalovci,Voonder
3430856779,Lincoln,346534030947718,Andie Duddridge,americanexpress,Topiclounge,,Zhuli,Thoughtmix
5329284244,Jaguar,30368945957731,Cross Rissom,diners-club-carte-blanche,Wikizz,,Shuanglongchang,Quimba
9893871565,Chevrolet,30109008562087,Rayner Renols,diners-club-carte-blanche,Mymm,,Forécariah,Quatz
7024422998,Lexus,30427005597900,Celestina Spatari,diners-club-carte-blanche,Tazzy,,Srostki,Quaxo
4093993777,Chevrolet,5108752784322444,Gusta MacPharlain,mastercard,Browsetype,,Tawangsari,Cogibox
4952064352,Nissan,3558807208589893,Carmina Petlyura,jcb,Mycat,,Pictou,Midel
0401428656,Pontiac,30595250757831,Elana Greening,diners-club-carte-blanche,JumpXS,,Gnieżdżewo,Skidoo
5043220120,Chevrolet,3578365018230774,Orrin Beardsdale,jcb,Kare,,Soras,Zoomdog
8478629866,Ford,5610099412668516339,Leonidas Wisedale,china-unionpay,Cogidoo,,Garahaji,Oyope
8714270501,Toyota,374283411288111,Hayyim McGhee,americanexpress,Youspan,,Mrgavan,Tanoodle
7696837672,Chevrolet,3558092551590091,Arny Balbeck,jcb,Wordtune,,Labruge,Flipopia
6423053936,Suzuki,3529443962991863,Pamella Eglise,jcb,Dynazzy,,Argostólion,Nlounge
4401537289,Suzuki,3569845509877424,Aleta Gianettini,jcb,Zazio,,Famagusta,Avaveo
2630961621,Pontiac,3561216794697448,Mischa Sange,jcb,Linklinks,,Kinsale,Eidel
0503351490,Suzuki,5893140508747527,Camala Tomik,maestro,Dablist,,Březová nad Svitavou,Einti
7493175233,Ford,3544599281202299,Paton Licciardo,jcb,Leenti,,Tari,Fivechat
2266605399,Toyota,3560735254515692,Keri Rexworthy,jcb,Dabvine,,Budapest,Jamia
8923339598,Volkswagen,3583064253697663,Elihu Fletcher,jcb,Avaveo,,Nytva,Thoughtsphere
1210911205,Lexus,201944722531767,Mattie Halgarth,diners-club-enroute,Kare,,Ar Rawḑah,Jatri
4931499511,Chevrolet,30381473196325,Oran Severns,diners-club-carte-blanche,Meedoo,,Pulau Pinang,Dablist
2342111606,Porsche,337941076512648,Chandler Woolley,americanexpress,Fivechat,,Funga,Ainyx
4162021503,BMW,3578285790896263,Smith Leban,jcb,Youopia,,Duba,Flashset
5514806022,Dodge,3540052974474746,Branden Joreau,jcb,Innojam,,Linëvo,Meemm
6355446826,Acura,4844798992386962,Andonis Petruk,visa-electron,Twinte,,Haunubenak,Mydo
3449485261,Ford,3532858814859502,Dareen Danslow,jcb,Voomm,,Dongping,Skynoodle
2695917228,Dodge,633387176644794975,Dennis Mountain,switch,Edgeblab,,Aquiraz,Skalith
4932716109,Ford,4911625740577154,Eudora O'Conor,switch,Zoozzy,,Coronel Fabriciano,Kanoodle
2570233374,Saab,56104045265314080,Thorpe Geddes,china-unionpay,Eayo,,Belomorsk,Skippad
9425556350,Mercedes-Benz,3543215231877590,Gottfried Dowrey,jcb,Gabspot,,Ajasse Ipo,Yodel
8176792810,Ford,3556328710173722,Wylma Copozio,jcb,Zoombeat,,Paipu,Wikivu
3214418025,Dodge,3546775328094703,Thom Metzig,jcb,Realbuzz,,Calibishie,Zoomdog
9194457174,Porsche,379004091532361,Dotty Charman,americanexpress,Demizz,,Tamorong,Thoughtworks
0749129212,Land Rover,201521613201104,Alysa Berni,diners-club-enroute,Vinte,,Verbilki,Photobug
8417956328,Buick,6381172055925443,Cale Lathwell,instapayment,Dabshots,,Kalenderovci Donji,Babbleopia
4140293748,Honda,3576987764915308,Becki Van Arsdale,jcb,Gabvine,,Tidaholm,Teklist
1196856184,Audi,5610246096919592,Danika MacAne,bankcard,Aimbu,,Yanwukou,Skimia
5032609609,Buick,3546477688280101,Kip Hallowes,jcb,Shuffledrive,,Kobayashi,Youtags
9001239919,BMW,561065191947044681,Sigismund Bolding,china-unionpay,Photojam,,Smederevska Palanka,Voomm
3377088016,Kia,3563605849627426,Raddy Ardron,jcb,Twitterbridge,,Annacotty,Bubbletube
2964933588,Mitsubishi,30386102342323,Payton Delacourt,diners-club-carte-blanche,Gigaclub,,Pogranichnyy,Topicblab
8331851749,Jeep,3577654182081563,Arleta Mardall,jcb,Abatz,,Rouyuan,Jabbercube
5285414032,Audi,5308991160767552,Adelle Lytton,mastercard,Shufflebeat,,Anin,Brainverse
6630621174,Dodge,6709947120815907326,Ajay Swannack,laser,Centizu,,Bulakgebang,Oyonder
1502272393,Honda,56022113726144774,Dante Golsworthy,china-unionpay,Demivee,,Wujing,Jaxspan
5192118700,Chevrolet,3533643758652512,Lib Capinetti,jcb,Topicshots,,Depapre,Topicware
0496372785,Ford,3553941173846205,Jillana MacKimmie,jcb,Skipfire,,Breda,Chatterpoint
6578653090,Dodge,5100141467658290,Mellicent Tolley,mastercard,Feedmix,,Shangqing,Dynabox
9888026216,Hyundai,3564340364519373,Sharyl Curthoys,jcb,Pixope,,Rodez,Brainlounge
7278789958,Maserati,3574690320519216,Packston Hackelton,jcb,Topiczoom,,Zhob,Zoomdog
4071600268,Ford,3528105956370831,Ricard Kemston,jcb,Twitternation,,Banī Khallād,Dabjam
9308240713,Mitsubishi,3572798191237404,Brocky Cornehl,jcb,Mydo,,Repušnica,Abata
7301614985,Buick,4151659861331611,Brose Maffey,visa,Eazzy,,Al Bahlūlīyah,Oozz
5136756497,Mazda,3577546952442696,Wit Borer,jcb,Realblab,,Jequitinhonha,Riffpath
8642319089,Toyota,3583658812463432,Conrado Jakobssen,jcb,Zava,,Waterbury,Abata
0720082188,Plymouth,3544008773203880,Charley Thiese,jcb,Flipstorm,,Beaung Tengah,Twimbo
4508920195,Ford,5602224664151377,Giacomo Goadbie,bankcard,Skiba,,Poříčí nad Sázavou,Meedoo
4800116155,Mercedes-Benz,5602212566368611218,Arley Scotchmore,china-unionpay,Browsebug,,Yedogon,Flipbug
7359647940,Chevrolet,30018009772779,Wolfy Siegertsz,diners-club-carte-blanche,Layo,,Jiangguanchi,Tagchat
4042874258,Saturn,374288636021304,Sabra Langridge,americanexpress,Feedmix,,Datong,Realcube
8796505265,Mercury,3577406849016221,Philippa Pinshon,jcb,Wikibox,,Pontal,Wikizz
6998178581,Mazda,3531528870538743,Lorri Urquhart,jcb,Agimba,,Santa María de Ipire,Avaveo
8053736386,Toyota,3575242544290460,Eimile Droogan,jcb,Tanoodle,,Baratã,Skidoo
3694357610,Ford,3551945502199931,Purcell Sherwen,jcb,Meejo,,Tiền Hải,Yakitri
0661186334,BMW,560225266202434022,Maurene Kurten,china-unionpay,Leexo,,Pandansari,Skimia
1997883295,Pontiac,6771732757918980756,Karissa Seery,laser,Yata,,Largo,Meevee
2968329421,Toyota,201560454708975,Trudy Mott,diners-club-enroute,Gigazoom,,Lyubokhna,Gabvine
7401057719,Geo,3574897060345294,Thekla Cawood,jcb,Lajo,,Bressuire,Skalith
2638673374,Maserati,3560330308397360,Lura Meeland,jcb,Rhynyx,,Tangtuzhui,Yodel
2280361426,Cadillac,3552859359433419,Burton Willan,jcb,Brainlounge,,Limbuš,Centimia
5692736721,Mitsubishi,3546948798579533,Humbert Skahill,jcb,Zoombeat,,Tekes,Oloo
0480797250,Bentley,3574252636431881,Judie Joberne,jcb,Feedfish,,Kaliuda,Mydo
3301681328,Infiniti,3570306241621478,Billie Breem,jcb,Skiba,,Netanya,Wordtune
5132406734,Eagle,3583615810924807,Morley Giamelli,jcb,Camido,,Bhadrapur,Rhyzio
5316265106,Mercedes-Benz,4041372482206246,Jayme Gerry,visa,Edgepulse,,Xarag,Riffwire
0962011061,Hyundai,3564917967886810,Aron Petkens,jcb,Youfeed,,Balogo,Roodel
6385255530,Buick,503811505611565326,Demetria Koeppke,maestro,Jabbersphere,,Puerto Mayor Otaño,Aimbo
0288319966,Mercedes-Benz,4844153805197372,Bertina Fenne,visa-electron,Jetpulse,,Mýki,Chatterpoint
2599110114,GMC,0604203783911482524,Aimil Mendoza,maestro,Quinu,,Gressier,Jamia
0455406227,Acura,5408705405281818,Petronille Philippsohn,mastercard,Blogpad,,Tajimi,Oodoo
0077805038,Dodge,3577350357427729,Barnabas Lewerenz,jcb,Eire,,Vnorovy,Photojam
8756461534,Volkswagen,3561452336537582,Brnaby Linck,jcb,Wordtune,,Pedreira,Youbridge
7287008661,Toyota,3570916157287880,Shannon Morratt,jcb,Tavu,,Loacan,Shufflester
9895086474,Land Rover,633110879923681193,Phillis Petrelli,switch,Katz,,Bukama,Geba
6434092881,Hyundai,5100146194736319,Tabbitha Heindrich,mastercard,Abatz,,Tushi,Linkbridge
1817207687,Porsche,3577617754770673,Kirstin Bellon,jcb,Youfeed,,Al Hāshimīyah,Dynazzy
0180278312,Toyota,4807904058686,Lora Bouzan,visa,Realbuzz,,Bangangté,Dynabox
8435553515,Hummer,5018598929780684,Moyna Bariball,maestro,Riffwire,,Dioknisi,Blogtag
6854619629,BMW,4917897657321694,Hermine Maurice,visa-electron,Skyvu,,Anto,Yambee
1785986392,Buick,3548947832581842,Celia Errett,jcb,Skinder,,Kaczory,Reallinks
1770750053,Mazda,3544275873018506,Nichol Finlator,jcb,Zoonder,,Pasirmadang,Kwimbee
4956624433,Hummer,3530904545331742,Filmore Jickells,jcb,Skibox,,Fuwen,Fliptune
2434970400,Toyota,3578935453288220,Corey Shapera,jcb,Zoomdog,,Mnogoudobnoye,Vinder
2772017966,Mitsubishi,3560955719656879,Kelsy Bristowe,jcb,Tazz,,Tiantang,Skimia
5972310295,Aston Martin,3540014053352292,Roanna Board,jcb,JumpXS,,Ganggawang,LiveZ
2209205336,Ford,3528292143432391,Yasmeen Blazy,jcb,Quatz,,Changqiao,Gabtune
8867945289,Chevrolet,4017955348776,Blakelee Knibley,visa,Realpoint,,Mangaran,Bubbletube
6168328580,Ford,3564646721936823,Teena Ambler,jcb,Eayo,,Jasugih Selatan,Eayo
5587759008,Mazda,3536219700233193,Florina Davage,jcb,Feedmix,,Kafr Nubl,Jatri
8092774412,Nissan,6395216590555415,Ingrim Mowlam,instapayment,Jabbercube,,Chicago,Pixope
4800007690,Kia,346830725252178,Didi Hubane,americanexpress,Jabberstorm,,Tanggung,Dabjam
1311392327,Buick,3538801165495926,Carolyne Ashpital,jcb,Izio,,Gaoshan,Skyndu
5900895025,Cadillac,3529961500278436,Clarette Hartshorne,jcb,Fadeo,,Thành Phố Thái Bình,Jabberbean
6713636950,Pontiac,6767750650860762436,Winny Rodge,solo,Katz,,Carepa,Jamia
6055345307,Volkswagen,4175004069043381,Roosevelt Kohler,visa-electron,Myworks,,São Filipe,Edgepulse
7507116484,Toyota,337941186325428,Silvia Moxley,americanexpress,Mudo,,Mangdang,Brainbox
4470221643,Lexus,4041599559756733,Leontyne Gyrgorcewicx,visa,Jabbercube,,Blessington,Voolith
3272611800,Nissan,201594201290938,Mirilla Skepper,diners-club-enroute,Dynabox,,Kombissiri,Jatri
9303783700,Buick,3565649422802038,Brok Foddy,jcb,Ntags,,Sobreda,Devcast
9878202070,Honda,3532066074632433,Gare Fillimore,jcb,Thoughtstorm,,Samoljica,Podcat
5429832278,Toyota,5100173283656935,Francklyn Castillo,mastercard,Latz,,Ea T’ling,Zoomcast
3428971094,Audi,5100138355108917,Kenny Walton,mastercard,Demizz,,Arroio do Meio,Demizz
4784193537,Chevrolet,6767084071921040315,Adolphus MacVay,solo,Vipe,,Tavricheskoye,Buzzster
7995632126,Ford,30196392042123,Jenica Gillebride,diners-club-carte-blanche,Brightbean,,Cergy-Pontoise,InnoZ
0241268915,Ford,630495168575876298,Barbabra Lovell,maestro,Wikido,,Safonovo,Realcube
3455487106,Mitsubishi,3552684165905412,Farrand Thomasson,jcb,Flashdog,,Novalja,Tanoodle
6297382794,Subaru,4913034596328242,Forster Margett,visa-electron,Trunyx,,Kulykiv,Realmix
9565265901,Mercedes-Benz,5602235200715145,Lyndsay Syplus,bankcard,Yambee,,Kepuh,Realbridge
5986875362,Chrysler,5602244283780905564,Hendrick Karsh,china-unionpay,Feedspan,,Alès,Linkbridge
0178163430,Honda,3585895872737309,Gib Pressman,jcb,Yambee,,Jipijapa,Meeveo
3806997012,Acura,30025206382468,Mab McGrotty,diners-club-carte-blanche,Feedspan,,Tours,Kazu
1723904155,Ford,5602211593219896,Hershel Barr,bankcard,Eazzy,,Khatsyezhyna,Yombu
7029467949,Honda,3574843089526472,Casey Tames,jcb,Divape,,Gutang,Zoozzy
2281286754,Audi,502079216596521487,Yolanda Ledward,maestro,Mymm,,Sol’tsy,Ainyx
1185990135,Hummer,5048376224267309,Candie Preist,mastercard,Ainyx,,Al Qābil,Zoomdog
1106772555,Plymouth,4917205646348903,Hayley Taffarello,visa-electron,Avaveo,,Eshan,Livefish
2729397663,Mercedes-Benz,5300852793652223,Thorin Leek,mastercard,Teklist,,Nanggorak,Thoughtworks
1017356866,Aston Martin,3543954100848817,Rudolph Lambert-Ciorwyn,jcb,Bubblebox,,Didou,Topicshots
3028948230,GMC,346456066143444,Didi Biddwell,americanexpress,Browsedrive,,Lianghe,Youopia
2206734397,Suzuki,5602250014800751,Drucill Dalziell,bankcard,Feedfire,,Sukodono,Twitterbridge
6241716034,Lincoln,3578271168794637,Doralin Standall,jcb,Brainverse,,Chenzhou,Kaymbo
9244223066,Acura,6706697599945836,Justinn Finn,laser,Npath,,Qal‘ah-ye Kūf,JumpXS
8991814646,Mercedes-Benz,5414599612658294,Alicea Lossman,mastercard,Tazzy,,Caracol,Dablist
6165620167,Ford,372301055871711,Gabrielle MacCallester,americanexpress,Midel,,Hương Sơn,Gabvine
7560160301,Mercedes-Benz,3541837328589994,Claiborn Birks,jcb,Yombu,,Kuching,Kayveo
5905857598,Saturn,3552122247423377,Jena Bysshe,jcb,Meetz,,Monte Plata,Bluezoom
6576535384,Acura,3533207433791093,Ricca Ablett,jcb,Edgeify,,Jagiełła,Quinu
8643388564,Subaru,5403225277310749,Norma Kardos,diners-club-us-ca,Wikizz,,Sukamaju,Trudeo
3736274998,Acura,4911079678109970,Vittorio Pratton,switch,Jaxworks,,Przeworsk,InnoZ
6849830341,Suzuki,4913291341266974,Delmore Mateescu,visa-electron,LiveZ,,Bagong Barrio,Npath
6400929940,Lexus,4405203511351440,Ruddy Hearns,visa-electron,Youspan,,Yantan,Linkbridge
6844316321,Hyundai,6304994453081105,Dud Sweeney,maestro,Riffpedia,,Wailolong,Babbleblab
9374108534,Chevrolet,6762599507982029,Venita Boichat,maestro,Fiveclub,,Hagfors,Yakidoo
6888870308,Chevrolet,5108756062772394,Minny Anstead,mastercard,Mudo,,Drochia,Agimba
0682337870,Chevrolet,56022126180597758,Kaylee Messitt,china-unionpay,Gigashots,,Saint-Jean-de-Braye,Skalith
3023977526,Mercedes-Benz,3570861430060805,Dorelle Tatlock,jcb,Photospace,,Smederevo,Edgewire
5726820061,Nissan,67612320808885090,Elvina Pestridge,maestro,Edgetag,,Milovice,Wikibox
7343308696,Chevrolet,36918281946617,Allissa Ahmed,diners-club-international,Feedmix,,Porto Alegre,Skipfire
6374920244,Lexus,5602231532107358,Nichol Corke,bankcard,Trilia,,Cihaur,Rhyzio
1202298346,Suzuki,3583848876793093,Marisa Bettaney,jcb,Lazz,,Miragoâne,Eabox
9960682471,Porsche,3581628886075992,Clayborn Andri,jcb,Shufflebeat,,Sakule,Blogpad
3895429449,Land Rover,372301572887091,Marietta Darke,americanexpress,Skiptube,,Mazowe,Teklist
0106855573,Acura,3553036016387036,Ozzie Wolters,jcb,Zoombox,,Vlycháda,Yambee
2490645439,Audi,6372632304739284,Zara Stoffersen,instapayment,Mynte,,San Isidro,Roomm
2439113786,Chevrolet,3533794123680884,Hugibert Harpham,jcb,Demivee,,Shanxi,Jayo
9669769868,Maserati,3552477958232106,Lise Hofler,jcb,Miboo,,Ash Shaykh Zuwayd,Ooba
4658215128,Dodge,6387720575681138,Kate Innocenti,instapayment,Cogilith,,Jiangzhou,Photofeed
9395956984,Aptera,3568768441263324,Nevsa McTrustey,jcb,Cogilith,,Sadek,Vipe
2479083853,Mitsubishi,3554516969152353,Alric Sagg,jcb,Meemm,,Ballina,Jabbersphere
2095321677,Volkswagen,3578076621249347,Marie-ann Guye,jcb,Zoonoodle,,Mizhirah,Zazio
6891111293,Acura,3578319820047389,Brigida Callan,jcb,Fadeo,,Chengdong,Skilith
9090636951,Pontiac,4508055099976014,Damian Epperson,visa-electron,Riffpedia,,Palekastro,Topicstorm
3737010005,Toyota,3532328494995976,Les Griffoen,jcb,Skyvu,,Phitsanulok,Bubbletube
1265275998,Kia,6759981680150269287,Nanny Anwyl,switch,Voomm,,Nunguan,Twitternation
0462856305,Mitsubishi,3588225628023340,Amos Abbots,jcb,Photobean,,Pradera,Realmix
4514801380,Mitsubishi,5602225937044935,Valaria Harbron,bankcard,Demimbu,,Baiyangwan,Fivespan
0693271647,Dodge,3556784037601102,Kelwin Spowart,jcb,Fiveclub,,Winnipeg,Reallinks
7238681757,Kia,5100175811944873,Karole Tireman,mastercard,Avamm,,Purwodadi,Fivechat
8687575548,Toyota,3543267086926840,Marcia Blaxton,jcb,Avamm,,Setono,Oloo
7364520848,Nissan,6395339394141388,Otho Patroni,instapayment,Fliptune,,Compiègne,Oloo
4516004267,Lotus,3540243950127883,Garvy D'Ambrosio,jcb,Mybuzz,,Thaon-les-Vosges,Avavee
5961265706,Pontiac,3528802993757158,Katy Bendall,jcb,Zoomcast,,Hāfizābād,Demimbu
5521849009,Lincoln,3576529897852246,Derrik Sansam,jcb,Dablist,,Flen,Yata
0305881892,Buick,3571044119340504,Leticia Yo,jcb,Geba,,Kolambugan,Realcube
4097639188,Chevrolet,5602231031432323,Isadora Calow,bankcard,Fivebridge,,Luchingu,Skajo
5417874507,Oldsmobile,5100143542263963,Gale Langstone,mastercard,Flipopia,,Metulla,Wikibox
1698783124,Mazda,3542559285568360,Dori Bondesen,jcb,Quamba,,Krajansumbermujur,Linklinks
4376687448,Mitsubishi,5602237390909609057,Mandel Robbel,china-unionpay,Linkbuzz,,Alkmaar,Mynte
0915117746,Volkswagen,5602244437643567,Constance Duce,bankcard,Oyondu,,Xinkai,Twiyo
1394894872,Land Rover,3578661812222540,Alf Dablin,jcb,Thoughtmix,,Mikulovice,Roomm
2635275246,Subaru,5610019513684515,Alvie Sangster,china-unionpay,Devpulse,,Vällingby,Thoughtstorm
2513325796,Chevrolet,3570632830590265,Olia Cumberbatch,jcb,Bubblebox,,Qindu,Chatterpoint
8897262996,Mercedes-Benz,3569971314885640,Aland Enderle,jcb,Twitternation,,Chamouny,Pixoboo
0419258787,Dodge,5602253861888515,Terence O'Lenane,bankcard,Photolist,,Sadang Kulon,Oba
2189760100,Volkswagen,3563049826839136,Josepha Manoelli,jcb,Devpulse,,Karamat,Twitterwire
6428034816,Land Rover,5100133542997116,Heindrick Shivell,mastercard,Katz,,Qila Abdullāh,Muxo
0510302793,Toyota,30432625683650,Edgardo Kinneally,diners-club-carte-blanche,Ozu,,Nałęczów,Babbleopia
8557150806,Mercedes-Benz,5100143797600588,Wendie MacEveley,mastercard,Rhyzio,,Ganggawang,Ntags
3715826681,Saturn,6759064154415430,Gennifer Freiburger,maestro,Quatz,,Rancho Nuevo,Jetpulse
9871828624,Porsche,6334182080265073568,Silvana Beaford,solo,Kimia,,Chrzanów,Voonix
3227754878,Volkswagen,5380441011189839,Delphine Clark,mastercard,Vipe,,Huashi,Youtags
9552189438,Toyota,3556744015728194,Brandie Giroldi,jcb,Quaxo,,Stockholm,Voonte
1539518396,Buick,374234970001825,Ravi Whalley,americanexpress,Jaxbean,,Stoczek,Yotz
6059987508,Dodge,677185246404738883,Nichols Mawditt,laser,Eazzy,,Xianan,Yamia
6239187011,Jeep,676795110025650295,Erick Gors,solo,Buzzster,,Taoyuan,Kwinu
7768119940,Volkswagen,3565790810829017,Sean Hepher,jcb,Kaymbo,,Starokucherganovka,Avamm
8179938190,Lamborghini,5602244605229876,Georgeanne Bassett,bankcard,Geba,,Chiguayante,Topdrive
0216208203,Nissan,3547718153311940,Baxie Saice,jcb,Trudoo,,Ualog,Dabvine
3858214639,Mercedes-Benz,3547612865537084,Alessandra McRobert,jcb,Kanoodle,,Xianning,Quinu
7737984224,Acura,3583691182825104,Harald Severs,jcb,Tanoodle,,Gucheng,Buzzbean
2638655961,Rolls-Royce,3533259586705222,Charmian Tillyer,jcb,Skajo,,Niemodlin,Voonix
3234096791,Eagle,374288819432518,Lela Grotty,americanexpress,Tagfeed,,Beit Horon,Bubbletube
7747977956,Lexus,3550154535833456,Jacobo Dougal,jcb,Zoomdog,,Rivesaltes,Skiptube
5320621558,Chrysler,3549973294141023,Priscella Attenborough,jcb,Quamba,,Cotuí,Mycat
8336981411,Chrysler,4903891078708130,Hailey Bomb,switch,Yacero,,Xinming,Yakidoo
0013730428,Mercury,5610539505710523,Kristyn Voysey,bankcard,Blogpad,,Sungaibengkal,Dynava
6053985503,Cadillac,5602227979149895,Julee Greenrod,china-unionpay,Innotype,,Wilwerwiltz,Eazzy
4604796912,Toyota,5349928304954994,Rafe Furlong,mastercard,Edgeclub,,Krzepice,Feedfish
1584102144,Honda,5320805891460481,Benjie Roast,mastercard,Skyba,,Warburton,Ozu
4308099188,Toyota,3533950480254610,Abba Gotthard,jcb,Wikizz,,Serpukhov,Flipbug
1714711366,Dodge,5048371471095446,Virgie Garriock,mastercard,Zoozzy,,Peza e Madhe,Tagcat
9007336282,Volkswagen,3556362391338411,Doreen MacShirie,jcb,Demimbu,,Mangulewa,Kanoodle
3469121273,Infiniti,58934259613029496,Emmalyn Filippyev,maestro,Yoveo,,Rude,Wikibox
3605937160,Mitsubishi,30299896837590,Mallorie Farfoot,diners-club-carte-blanche,Rhynyx,,Cao Thượng,Katz
6824773921,Ford,5100145591895801,Janie Airds,mastercard,LiveZ,,Żurowa,Ntags
9267932349,Dodge,3570099308448717,Osmond Kanwell,jcb,Zoonder,,Primero de Enero,Skimia
3863975049,Ram,3576645886290717,Judie Gehrels,jcb,Yodo,,Shuanglongchang,Devshare
8799469634,Subaru,340365009300118,Gerry Pethybridge,americanexpress,Meezzy,,Sumberrejo,Eamia
2302533275,Mazda,5641820824010329461,Berri Ottee,switch,Yakidoo,,Wañgan,Photospace
2931928186,Toyota,4905030567920505748,Connie Coppock.,switch,Babbleblab,,Pedrulheira,Mycat
6982085538,GMC,3576264691531164,Jodie Launchbury,jcb,Topicblab,,Rogoza,Jabbersphere
5874943463,BMW,3530688621790414,Elianore Strethill,jcb,Abata,,Fort Myers,Realfire
9022107213,Lexus,3528674642287584,Lauryn Marlin,jcb,Dabshots,,Ústí nad Orlicí,Topicblab
7256775652,Ford,3546599504541810,Tyrus Weinberg,jcb,Trupe,,Shepetivka,Twitterbeat
1847282326,Acura,6381255523480230,Normand Pallant,instapayment,Devpulse,,Amarillo,Skibox
5943565817,Holden,347456478941913,Lucky Bryden,americanexpress,Jaxbean,,Tintafor,Babbleopia
2141841879,Mercedes-Benz,201963622178842,Wynn Bazek,diners-club-enroute,Skinix,,Kavásilas,Geba
3076615076,Mercedes-Benz,3575003989379980,Gena Spandley,jcb,Linkbridge,,Jincheng,Kwimbee
2843172292,Infiniti,3562602540101232,Cathlene Cruikshanks,jcb,Thoughtworks,,Lourdes,Roodel
9463121870,Oldsmobile,5010123446815398,Alexine Lardiner,mastercard,Wordpedia,,Ogawa,Twimm
3859742779,Toyota,3552191782805132,Harwell Sarsfield,jcb,Realcube,,Lyubotyn,Divape
9997061063,Ford,4405201844517851,Roselin Rowlands,visa-electron,Quire,,Znojmo,Skinte
